fever,vomiting,diarrhea,anorexia,dehydration,sudden_onset,progressive_deterioration,feed_exposure,radiation_pattern,herd_cluster,weakness_score,cell_damage_score,gi_damage_score,multi_organ_damage,marrow_suppression,renal_injury_score,hepatic_injury_score,time_to_onset_hours,clinical_severity,forensic_suspicion_score,result
0,0,0,0,0,0,0,0,0,0,2,2,0,0,0,1,1,80,4,2,Normal
0,1,0,1,0,1,1,0,1,0,3,3,0,3,3,3,3,106,12,10,Polonium-like
0,0,0,0,0,1,0,0,0,0,0,0,0,1,2,0,0,56,3,2,Normal
1,0,0,1,0,0,1,0,1,0,2,2,1,3,2,2,3,106,10,8,Polonium-like
0,0,0,0,0,0,0,0,0,0,3,3,0,2,0,2,2,71,8,5,Normal
1,0,0,1,0,0,1,0,1,0,3,2,0,2,2,2,1,157,9,7,Polonium-like
0,0,0,0,0,0,0,0,0,0,1,2,2,0,0,1,1,41,5,2,Normal
1,0,1,1,1,1,0,1,0,0,3,3,3,2,1,3,3,2,12,8,Ricin-like
0,0,0,0,0,0,1,0,1,0,3,3,1,3,3,3,2,124,13,9,Polonium-like
0,0,0,0,0,0,0,0,0,0,1,3,3,2,0,2,2,92,9,5,Normal
0,0,1,1,0,1,0,0,1,0,1,1,1,2,3,0,1,26,8,6,Borderline
0,0,0,0,0,0,0,0,0,0,0,0,0,0,0,1,0,46,0,0,Normal
1,0,0,0,0,0,0,0,0,0,0,2,3,1,0,2,2,27,6,3,Normal
1,1,0,1,1,1,0,0,0,1,3,3,2,2,1,2,2,10,11,6,Ricin-like
1,0,1,1,0,0,0,0,0,0,1,1,1,0,0,1,1,52,3,1,Normal
0,0,1,1,1,0,1,1,0,0,3,3,2,2,0,2,2,4,10,8,Ricin-like
0,0,0,0,0,0,0,0,0,0,1,2,2,2,0,1,2,82,7,4,Normal
0,0,1,0,0,0,0,0,0,1,0,0,0,1,0,0,0,69,1,1,Normal
0,1,0,1,0,0,1,0,1,0,3,3,2,3,2,3,3,116,13,9,Polonium-like
1,1,1,1,0,1,0,1,0,0,2,2,3,2,0,2,2,3,9,7,Ricin-like
1,1,1,1,1,0,0,1,0,1,3,3,2,3,0,2,2,4,11,8,Ricin-like
0,1,0,1,1,1,0,1,0,0,3,2,2,3,0,2,2,5,10,8,Ricin-like
0,0,1,1,0,0,0,0,0,0,3,1,1,0,1,1,1,67,6,1,Borderline
0,0,0,1,1,1,0,0,1,1,1,2,0,3,3,2,1,86,9,8,Polonium-like
0,0,1,1,1,1,1,0,1,0,2,2,0,3,3,3,1,43,10,9,Borderline
0,1,1,0,1,1,0,1,0,1,3,3,3,3,0,3,3,4,12,9,Ricin-like
0,0,1,1,0,1,0,0,0,0,1,0,0,0,0,0,1,68,1,1,Normal
0,1,0,0,1,1,0,1,0,1,1,1,0,1,1,1,0,12,4,5,Borderline
1,1,0,1,0,0,1,0,1,0,3,3,1,3,3,3,3,48,13,9,Polonium-like
1,1,1,1,1,0,1,1,0,1,2,3,3,3,1,2,3,7,12,9,Ricin-like
0,1,0,0,0,0,1,0,0,1,2,1,2,1,1,0,1,52,7,3,Borderline
0,0,1,0,0,1,1,0,0,1,3,3,0,2,0,3,2,64,8,7,Normal
0,0,0,1,0,0,1,1,0,1,0,1,1,1,0,0,1,50,3,5,Normal
1,0,0,1,1,1,1,0,0,0,2,2,3,1,0,2,2,5,8,5,Ricin-like
1,1,0,1,0,0,1,0,0,0,3,3,0,3,2,3,3,72,11,7,Polonium-like
0,0,0,0,0,1,0,0,0,0,1,0,0,0,1,0,1,86,2,1,Normal
1,0,0,0,0,1,0,1,0,1,3,3,2,2,2,2,2,44,12,8,Borderline
1,1,1,0,1,1,0,1,0,0,3,3,3,3,0,3,3,9,12,9,Ricin-like
0,0,0,0,0,0,0,0,0,0,2,1,0,0,0,0,1,25,3,1,Normal
1,1,1,0,1,1,1,1,0,1,2,2,3,2,3,2,2,20,12,8,Borderline
1,0,0,1,0,0,1,0,0,0,2,2,2,2,0,3,2,125,8,5,Polonium-like
0,0,0,0,0,0,0,0,0,1,0,0,0,1,0,1,0,85,1,1,Normal
0,0,0,1,0,0,0,0,0,0,0,0,0,0,0,0,0,63,0,0,Normal
1,0,0,0,0,0,1,0,0,0,0,1,2,1,2,0,1,47,6,3,Normal
1,0,0,1,0,1,0,0,0,0,0,1,3,0,0,1,2,21,4,2,Borderline
1,0,0,0,0,0,0,0,0,0,0,1,2,1,1,0,2,82,5,2,Normal
0,0,0,1,0,1,0,0,0,0,0,0,1,0,0,0,0,78,1,1,Normal
1,0,1,0,0,0,0,0,1,0,0,0,0,0,0,0,0,40,0,2,Normal
0,0,0,1,0,0,0,0,0,0,2,2,2,3,3,2,2,118,12,5,Polonium-like
1,0,0,0,0,0,0,0,0,1,1,0,0,0,1,0,0,40,2,0,Normal
0,0,0,0,0,0,0,0,0,1,3,2,0,3,2,1,1,73,10,5,Normal
1,0,0,1,0,0,1,0,0,0,2,3,3,2,1,2,3,35,11,6,Polonium-like
0,0,1,0,0,0,0,0,0,1,0,1,1,1,1,0,2,66,4,2,Normal
1,0,0,0,0,0,1,0,0,0,0,3,3,3,3,3,3,123,12,7,Polonium-like
1,0,0,1,1,0,0,1,0,0,2,3,3,3,2,2,3,9,13,8,Borderline
0,0,0,1,0,0,0,0,0,0,0,2,2,0,0,1,1,92,4,2,Normal
1,1,0,1,1,1,0,1,0,1,3,2,2,2,0,2,2,4,9,7,Ricin-like
0,0,0,0,0,0,0,1,0,0,0,0,0,0,0,1,0,50,0,2,Normal
0,1,1,1,1,1,0,0,0,0,3,3,3,2,2,2,3,3,13,6,Ricin-like
0,1,0,0,0,0,0,0,0,0,0,0,0,0,0,0,1,56,0,0,Normal
0,1,1,0,1,1,1,0,0,0,2,2,2,2,0,2,3,5,8,6,Ricin-like
0,0,0,0,0,0,0,0,0,0,1,1,1,0,0,0,1,82,3,1,Normal
0,0,0,0,0,0,0,0,0,0,3,3,1,3,0,3,2,84,10,6,Normal
0,1,1,1,1,0,0,1,0,1,2,3,2,2,0,3,2,3,9,7,Ricin-like
0,0,0,1,0,0,0,0,0,0,2,2,3,3,2,2,2,42,12,5,Borderline
0,1,1,0,0,0,0,0,0,0,1,0,0,0,0,0,0,57,1,0,Normal
1,1,0,0,1,1,0,1,0,1,3,2,2,2,1,2,2,3,10,7,Ricin-like
1,1,0,1,1,0,0,1,1,1,2,2,3,2,2,1,2,71,11,8,Borderline
0,0,0,0,0,0,0,0,0,1,0,0,1,1,0,0,0,71,2,1,Normal
0,0,0,0,0,0,0,0,0,1,1,0,0,0,0,0,1,92,1,0,Normal
0,0,0,0,0,1,0,0,0,0,3,1,0,0,0,0,1,62,4,2,Normal
0,0,0,0,0,0,0,0,0,0,2,1,0,1,3,0,1,75,7,2,Normal
1,0,0,0,0,0,0,0,0,0,1,0,0,0,0,0,1,57,1,0,Normal
1,0,0,0,0,0,0,0,0,0,1,1,0,0,0,1,0,86,2,1,Normal
0,0,0,0,0,0,0,0,0,0,0,0,0,0,0,1,1,75,0,0,Normal
0,0,0,0,0,0,1,0,1,0,3,2,3,2,2,2,3,147,12,7,Polonium-like
1,1,0,1,0,1,1,0,1,0,2,3,0,3,3,3,3,144,11,10,Polonium-like
0,0,1,0,0,0,0,1,0,0,1,0,0,0,1,0,0,37,2,2,Normal
0,0,1,0,1,1,1,0,0,1,3,3,1,3,3,3,3,165,13,8,Polonium-like
1,1,1,0,1,1,0,1,0,0,1,3,2,2,1,2,3,10,9,8,Ricin-like
0,1,0,1,1,0,1,0,1,0,2,2,2,3,3,3,3,120,12,8,Polonium-like
1,0,0,1,1,0,0,0,0,0,3,1,2,1,2,2,2,22,9,2,Borderline
1,0,0,1,1,0,1,0,1,0,3,3,2,3,3,3,2,135,14,9,Polonium-like
0,1,1,1,1,1,1,1,0,0,3,3,3,3,0,2,3,9,12,10,Ricin-like
0,0,0,0,1,0,0,0,0,0,0,0,0,1,2,0,0,62,3,1,Normal
0,1,0,1,0,1,0,1,0,1,3,3,3,2,2,2,3,5,13,8,Ricin-like
0,1,0,0,0,0,0,0,0,0,0,0,1,0,1,0,1,52,2,0,Normal
0,0,0,0,0,0,0,1,0,0,0,1,2,1,0,0,1,47,4,4,Normal
0,0,1,0,0,1,1,0,0,0,0,1,1,0,0,0,1,42,2,3,Normal
1,0,0,1,0,0,1,0,1,0,2,3,3,3,3,3,3,45,14,9,Polonium-like
1,0,1,1,0,1,1,0,1,0,0,2,2,2,2,2,3,162,8,8,Polonium-like
1,1,1,0,0,0,0,0,0,0,2,0,1,0,0,1,0,24,3,0,Borderline
0,1,0,0,0,1,1,1,0,0,0,2,3,3,1,1,2,7,9,9,Ricin-like
1,1,1,1,1,0,1,1,0,0,2,2,2,1,0,2,2,6,7,6,Ricin-like
0,0,0,1,0,0,0,0,0,0,1,0,0,1,0,0,0,96,2,1,Normal
0,0,0,1,0,0,1,0,1,0,2,3,3,3,3,3,3,166,14,9,Polonium-like
1,1,1,1,1,0,0,1,0,1,3,3,3,3,0,3,3,9,12,8,Ricin-like
1,0,0,1,1,1,1,1,0,0,3,3,3,3,3,3,3,35,15,10,Borderline
1,1,0,0,0,0,0,0,0,0,1,0,1,0,0,0,0,93,2,0,Normal
0,0,0,1,0,0,0,0,0,0,0,0,1,0,1,0,0,54,2,0,Normal
0,0,1,0,0,0,0,1,0,0,3,3,3,3,3,3,2,35,15,8,Borderline
0,0,1,1,0,0,0,0,0,0,0,0,1,0,1,0,0,36,2,0,Normal
1,0,0,0,0,0,0,0,0,0,0,2,3,2,2,1,3,27,9,4,Normal
0,0,1,1,1,0,1,1,1,0,0,2,2,3,3,3,1,19,10,10,Borderline
0,0,0,1,0,0,0,0,0,0,1,2,1,2,0,1,1,42,6,4,Normal
0,0,0,1,1,0,1,0,0,0,2,3,2,3,3,3,3,37,13,7,Polonium-like
1,1,1,1,1,0,0,0,0,1,2,3,1,1,0,3,2,20,7,4,Borderline
0,0,0,0,0,0,0,0,0,0,2,2,2,3,3,2,2,105,12,5,Polonium-like
1,0,0,0,0,0,1,0,1,0,2,2,2,2,2,3,3,165,10,7,Polonium-like
0,0,0,1,0,0,1,0,1,1,3,3,1,3,3,3,2,59,13,9,Polonium-like
0,0,0,0,0,0,0,0,0,1,1,1,1,0,0,0,2,63,3,1,Normal
1,0,1,1,1,0,1,0,0,0,3,3,0,3,3,3,2,137,12,7,Polonium-like
0,1,0,1,0,0,0,1,1,1,3,2,1,2,2,2,3,82,10,8,Polonium-like
1,1,1,1,0,0,1,1,0,0,3,3,3,3,0,2,3,5,12,9,Ricin-like
0,1,0,0,0,0,0,0,1,0,3,2,0,0,0,1,2,85,5,4,Normal
1,0,0,0,1,0,1,0,1,0,3,2,0,2,2,2,1,146,9,7,Polonium-like
1,1,0,0,1,0,0,1,0,0,0,2,3,3,3,2,2,10,11,7,Ricin-like
1,0,0,1,0,0,1,0,1,0,2,2,3,2,1,3,3,37,10,7,Borderline
0,1,0,0,0,0,0,0,0,0,1,0,0,1,2,1,0,46,4,1,Normal
0,0,0,0,0,0,0,0,0,0,1,2,1,2,0,2,1,41,6,4,Normal
1,1,0,1,0,0,0,0,1,0,3,3,1,3,3,3,2,73,13,8,Polonium-like
1,1,1,1,1,1,1,1,0,0,2,2,3,1,1,3,2,1,9,7,Ricin-like
1,0,1,0,1,0,0,1,0,0,2,3,0,3,3,3,2,20,11,8,Borderline
1,1,0,1,0,0,1,1,1,0,3,3,0,3,3,3,3,35,12,11,Polonium-like
1,1,0,1,1,1,1,1,0,1,2,2,3,2,1,3,2,8,10,8,Ricin-like
0,0,0,0,0,0,0,0,0,0,1,0,1,0,0,0,0,80,2,0,Normal
1,0,1,0,0,1,1,0,0,0,0,0,0,0,0,0,1,30,0,2,Normal
0,0,1,1,0,0,1,0,0,0,1,3,1,3,3,2,2,20,11,7,Borderline
0,1,0,0,0,0,1,0,1,0,3,2,1,3,1,3,2,40,10,8,Polonium-like
1,1,1,0,1,1,0,1,0,0,3,3,3,2,0,2,3,8,11,8,Ricin-like
0,0,0,1,0,0,0,0,0,0,1,1,2,1,1,1,1,72,6,2,Normal
0,1,1,0,1,1,1,1,0,0,2,3,2,2,0,2,2,9,9,9,Ricin-like
0,0,0,1,0,0,1,0,0,0,2,3,1,3,3,3,3,89,12,7,Polonium-like
1,0,1,1,1,1,0,1,0,0,2,2,3,1,0,2,2,1,8,6,Ricin-like
0,0,0,0,0,0,1,0,0,0,0,0,0,0,0,1,1,29,0,1,Normal
1,0,1,1,0,0,0,0,0,0,0,1,1,0,0,0,1,68,2,1,Normal
1,1,1,1,1,1,0,1,0,1,1,2,2,1,2,2,2,2,8,6,Ricin-like
0,0,0,1,0,0,0,0,0,0,1,0,0,1,2,0,1,89,4,1,Normal
1,0,1,1,0,0,0,0,0,0,0,0,0,1,0,0,1,47,1,1,Normal
0,1,0,1,0,0,1,0,0,0,3,2,0,3,2,3,1,48,10,6,Polonium-like
1,1,0,1,1,0,0,1,0,0,2,2,3,1,0,2,2,9,8,5,Ricin-like
1,1,1,0,1,1,1,1,1,0,3,2,2,1,0,3,3,7,8,9,Ricin-like
1,1,0,1,0,1,1,0,0,0,0,2,3,2,1,1,3,3,8,6,Ricin-like
0,1,1,1,1,0,0,1,0,0,2,2,2,2,0,2,3,2,8,6,Ricin-like
0,1,1,1,0,0,1,0,1,0,2,2,1,3,3,2,3,168,11,8,Polonium-like
1,0,0,0,1,1,0,0,0,0,1,1,2,2,1,1,2,16,7,4,Borderline
0,1,0,0,1,0,0,0,0,0,1,2,2,1,2,2,1,41,8,3,Borderline
0,0,0,1,0,0,0,0,1,0,2,3,0,3,3,3,2,109,11,8,Polonium-like
1,1,0,0,1,1,1,1,0,0,3,2,2,3,0,3,2,3,10,9,Ricin-like
1,1,1,0,1,1,1,1,0,1,2,2,2,2,0,3,2,4,8,8,Ricin-like
1,1,1,1,1,1,0,0,0,0,2,3,2,2,1,3,2,26,10,6,Borderline
1,1,1,1,1,1,0,1,1,0,2,2,3,1,0,2,2,10,8,8,Ricin-like
1,1,0,1,0,0,1,1,1,0,3,2,1,3,2,3,3,80,11,10,Polonium-like
0,0,0,0,0,0,0,0,0,0,1,1,1,1,0,0,1,32,4,2,Normal
1,1,0,1,1,1,0,1,0,1,0,3,3,3,0,3,3,5,9,9,Ricin-like
0,1,1,0,0,0,0,1,0,1,0,0,0,0,0,1,1,39,0,2,Normal
1,1,1,1,0,1,1,1,0,0,3,3,3,3,1,2,3,6,13,10,Ricin-like
0,1,1,0,0,1,1,1,0,0,1,2,3,2,1,1,2,25,9,8,Borderline
0,0,0,1,1,0,1,0,1,0,3,3,2,3,2,3,2,96,13,9,Polonium-like
0,1,0,1,1,0,1,0,1,1,2,3,1,3,3,3,3,100,12,9,Polonium-like
1,1,1,1,0,1,0,1,0,0,2,2,3,1,1,1,2,9,9,6,Ricin-like
1,0,0,1,1,0,1,0,0,0,2,2,1,3,3,3,2,58,11,6,Polonium-like
1,1,0,0,0,0,1,0,0,0,0,0,0,1,0,0,1,84,1,2,Normal
1,0,0,0,0,0,1,0,0,0,0,0,1,1,0,1,0,71,2,2,Normal
1,0,1,0,0,0,1,0,1,0,2,3,1,3,3,3,3,158,12,9,Polonium-like
0,1,0,0,1,0,0,0,0,0,1,0,0,1,0,1,1,81,2,1,Normal
0,0,0,1,0,1,0,0,0,0,2,1,1,1,0,0,1,52,5,3,Normal
0,0,0,1,1,0,1,0,1,0,3,3,2,3,3,3,2,122,14,9,Polonium-like
1,0,0,0,1,0,0,0,0,0,1,1,0,0,0,1,0,54,2,1,Normal
1,0,1,1,0,0,1,0,0,1,2,3,1,3,2,2,1,66,11,7,Borderline
0,0,0,1,1,0,0,0,1,1,2,2,3,3,3,3,2,149,13,7,Polonium-like
1,0,0,0,0,0,0,0,0,0,1,0,0,1,0,1,0,26,2,1,Normal
0,1,0,0,0,0,0,0,0,1,0,1,0,1,0,0,1,94,2,2,Normal
0,0,0,0,0,0,0,0,0,1,1,0,0,0,0,0,0,75,1,0,Normal
0,0,1,1,0,0,1,0,0,0,0,0,0,1,0,0,0,44,1,2,Normal
1,0,1,1,0,0,1,0,0,1,3,2,1,3,2,2,2,60,11,6,Borderline
1,0,1,1,0,0,1,1,0,0,2,2,2,1,0,2,2,26,7,6,Borderline
0,0,0,0,0,0,1,0,1,0,3,2,2,2,2,2,2,149,11,7,Polonium-like
1,1,0,0,0,1,1,0,0,0,2,3,3,3,3,2,3,21,14,8,Borderline
1,0,1,0,1,1,1,1,0,1,2,2,3,2,1,2,2,8,10,8,Ricin-like
0,1,0,0,0,0,0,0,0,0,0,3,3,1,0,2,2,29,7,4,Normal
1,0,0,0,0,1,0,0,0,0,2,0,0,0,0,0,0,40,2,1,Normal
0,0,0,1,0,0,0,0,0,1,1,1,1,0,0,0,1,78,3,1,Normal
1,0,1,0,0,1,1,0,0,0,2,2,2,3,1,2,3,2,10,7,Ricin-like
0,0,0,0,0,0,0,0,0,0,0,2,2,0,0,2,2,82,4,2,Normal
1,1,0,1,0,1,1,0,0,0,2,2,3,2,0,1,2,7,9,6,Ricin-like
1,0,0,0,0,0,0,0,0,1,0,0,1,0,0,0,0,64,1,0,Normal
0,0,0,1,0,1,0,0,0,0,2,2,2,1,0,2,1,69,7,4,Normal
1,0,0,1,0,0,1,0,1,0,2,2,3,3,3,3,3,93,13,8,Polonium-like
1,1,1,0,1,1,1,0,1,0,1,1,3,0,0,1,2,35,5,5,Borderline
0,1,0,1,0,0,1,0,1,0,3,3,1,3,3,3,3,65,13,9,Polonium-like
1,0,1,1,0,1,1,1,0,1,3,3,3,2,1,2,3,9,12,9,Ricin-like
0,0,0,0,0,1,0,0,0,1,1,0,0,0,0,0,1,33,1,1,Normal
1,1,1,1,1,1,0,0,0,0,2,3,1,2,0,2,2,8,8,6,Ricin-like
0,0,0,0,0,0,0,0,0,0,2,2,2,1,0,1,2,79,7,3,Normal
0,0,0,0,0,0,0,0,0,0,0,1,0,0,0,0,0,31,1,1,Normal
1,1,1,0,1,1,1,0,0,0,2,3,3,3,0,2,3,10,11,8,Ricin-like
0,1,0,0,0,0,0,0,0,0,1,1,1,0,0,0,2,31,3,1,Normal
1,0,0,1,0,1,1,1,0,0,3,3,3,3,3,2,2,23,15,10,Borderline
0,0,0,0,0,1,0,0,0,0,0,1,0,1,0,1,0,77,2,3,Normal
1,0,0,1,1,0,0,0,1,1,3,3,1,3,3,3,2,156,13,8,Polonium-like
0,0,0,0,0,0,0,0,0,0,1,0,0,0,0,0,0,65,1,0,Normal
1,1,1,1,1,1,1,1,1,0,2,2,2,3,1,2,2,10,10,11,Borderline
0,0,0,1,0,0,0,0,0,0,1,0,0,0,0,1,0,31,1,0,Normal
0,0,0,1,0,1,0,0,0,0,0,0,1,0,0,0,0,34,1,1,Normal
1,1,1,1,1,1,1,1,0,1,3,3,3,3,1,2,3,4,13,10,Ricin-like
0,1,1,1,0,1,0,0,1,0,1,2,2,3,3,3,1,18,11,8,Borderline
0,0,0,0,0,0,0,0,0,1,1,0,0,0,0,0,0,51,1,0,Normal
1,1,1,1,1,1,1,0,0,1,2,2,3,1,2,2,2,1,10,5,Ricin-like
0,0,0,1,0,0,0,0,1,0,3,3,2,3,3,3,2,40,14,8,Polonium-like
0,0,0,1,0,0,0,0,0,0,1,2,2,1,0,1,2,74,6,3,Normal
0,1,1,1,1,1,1,1,0,1,2,3,3,3,0,2,3,5,11,10,Ricin-like
0,0,0,0,0,0,0,0,0,1,1,0,1,0,0,1,0,91,2,0,Normal
1,0,0,0,0,0,1,0,0,1,1,3,3,2,0,2,3,78,9,6,Normal
1,0,0,1,0,1,0,1,1,0,1,2,1,3,3,2,3,159,10,10,Polonium-like
1,0,0,1,0,0,0,0,0,0,0,3,3,1,1,3,3,69,8,4,Normal
0,0,0,1,0,0,0,0,1,1,2,2,3,3,2,2,2,23,12,7,Borderline
1,1,0,1,1,0,1,0,1,1,2,2,1,1,1,1,1,19,7,6,Borderline
0,0,1,1,0,0,0,1,0,0,2,2,0,2,3,1,1,51,9,6,Borderline
1,0,1,1,1,0,1,0,1,0,3,3,1,3,3,3,3,69,13,9,Polonium-like
0,0,1,1,0,1,0,1,0,0,3,2,2,2,0,1,2,9,9,7,Ricin-like
1,1,1,1,1,0,0,1,0,1,1,2,3,2,0,2,2,4,8,6,Ricin-like
0,0,0,0,0,1,0,0,0,0,2,2,2,1,0,1,1,27,7,4,Normal
0,0,1,0,0,0,0,0,1,1,2,1,0,0,0,0,0,50,3,3,Normal
1,0,0,0,0,0,0,1,0,0,0,0,1,0,1,0,0,93,2,2,Normal
0,1,1,0,1,1,0,1,0,1,3,3,1,2,1,2,3,1,10,8,Ricin-like
0,1,0,1,0,0,1,0,0,0,2,3,1,3,3,3,3,41,12,7,Polonium-like
0,1,1,1,0,1,1,0,1,0,3,3,0,3,2,3,2,133,11,10,Polonium-like
0,0,1,0,0,0,0,0,0,0,0,0,1,1,2,0,0,74,4,1,Normal
1,0,0,1,1,0,0,0,1,1,2,2,2,1,2,1,2,43,9,5,Borderline
1,1,0,0,1,0,0,1,0,1,3,3,3,2,0,2,3,2,11,7,Ricin-like
0,1,0,1,1,1,1,1,1,0,2,2,2,3,3,2,3,115,12,11,Polonium-like
0,0,0,1,0,0,0,0,0,0,0,0,0,0,0,1,0,72,0,0,Normal
1,0,1,1,0,0,1,1,0,0,1,2,1,2,2,1,2,47,8,7,Borderline
0,1,1,0,1,0,0,1,0,0,3,3,3,3,0,3,3,7,12,8,Ricin-like
1,0,0,1,0,0,1,0,1,0,1,2,1,3,3,3,3,139,10,8,Polonium-like
1,1,1,0,1,0,0,1,0,0,2,3,3,3,0,2,3,1,11,8,Ricin-like
1,0,1,0,1,1,0,1,0,0,3,1,3,2,1,1,1,70,10,6,Borderline
1,1,0,1,1,1,1,1,0,0,2,3,2,1,0,2,2,10,8,8,Ricin-like
1,0,0,0,0,1,0,0,0,0,0,0,2,0,1,1,1,73,3,1,Normal
1,1,1,1,0,1,0,1,0,0,3,3,3,3,0,2,3,7,12,9,Ricin-like
0,0,0,1,0,0,0,0,0,0,0,0,1,0,0,1,0,81,1,0,Normal
0,1,1,1,1,0,0,0,1,0,3,1,1,2,3,1,1,67,10,5,Borderline
1,1,1,1,1,1,0,1,0,0,3,3,3,3,1,2,3,7,13,9,Ricin-like
0,0,0,0,0,0,0,0,0,0,0,0,0,0,1,0,0,30,1,0,Normal
1,0,0,1,1,0,1,0,1,1,2,2,3,3,2,2,3,128,12,8,Polonium-like
0,0,1,1,1,0,1,0,1,0,2,2,1,3,3,2,2,76,11,8,Polonium-like
0,0,0,0,0,0,1,1,0,0,0,0,0,0,0,0,0,84,0,3,Normal
0,0,0,0,0,0,0,0,1,0,2,2,0,3,3,2,2,93,10,7,Polonium-like
1,0,0,0,1,0,0,0,0,0,0,1,1,1,0,0,2,84,3,2,Normal
0,1,1,1,1,1,0,1,0,1,2,2,3,3,0,2,2,7,10,8,Ricin-like
0,0,1,1,0,0,0,0,0,0,0,0,0,2,2,0,1,43,4,2,Normal
1,0,0,1,0,0,0,0,1,0,1,2,2,3,3,2,3,58,11,7,Borderline
1,1,1,1,1,0,1,0,0,0,3,3,3,3,2,2,3,8,14,7,Ricin-like
1,0,1,0,1,1,0,0,0,1,2,1,2,0,0,0,1,93,5,2,Normal
1,0,1,1,1,1,1,1,1,1,3,3,3,3,0,2,3,10,12,12,Ricin-like
1,0,1,1,0,0,0,0,0,0,1,1,1,0,0,1,1,84,3,1,Normal
0,0,1,1,0,0,1,1,1,0,2,3,2,3,2,3,2,51,12,11,Borderline
1,0,1,0,0,0,0,0,0,1,0,0,0,0,1,0,1,30,1,0,Normal
1,0,0,0,0,0,0,0,0,1,1,1,0,0,0,0,0,66,2,1,Normal
1,1,1,1,0,1,0,1,0,0,2,2,3,1,1,2,2,8,9,6,Ricin-like
1,0,0,1,0,0,0,0,0,0,0,0,0,1,0,1,1,60,1,1,Normal
0,0,0,0,0,0,0,0,1,0,1,0,0,1,0,1,1,48,2,3,Normal
1,1,0,1,1,1,1,1,0,0,2,2,2,2,1,3,3,8,9,8,Ricin-like
0,0,0,0,0,1,1,0,0,1,0,0,0,0,0,0,0,41,0,2,Normal
0,0,0,1,0,0,0,0,0,0,0,1,0,0,0,0,0,49,1,1,Normal
0,1,0,1,1,0,1,0,1,0,3,3,1,3,3,3,2,109,13,9,Polonium-like
1,1,1,1,1,1,0,1,0,0,3,3,3,2,1,2,3,9,12,8,Ricin-like
0,1,1,0,0,1,0,1,0,0,3,3,1,3,3,2,2,10,13,9,Ricin-like
1,1,1,1,1,1,0,1,0,1,3,3,3,3,0,2,3,7,12,9,Ricin-like
1,1,0,1,0,1,0,1,0,1,1,2,3,2,0,2,3,4,8,7,Ricin-like
0,0,0,1,1,0,1,1,1,0,3,2,0,2,2,3,2,139,9,9,Polonium-like
1,1,1,1,1,1,1,1,0,0,3,3,2,2,0,3,2,2,10,9,Ricin-like
0,0,1,0,0,0,1,0,1,0,3,2,1,2,2,2,2,48,10,7,Polonium-like
1,0,0,1,0,0,1,0,1,0,2,2,2,3,3,2,2,114,12,8,Polonium-like
0,0,0,0,0,0,0,0,0,0,0,1,2,0,0,0,2,77,3,1,Normal
1,1,1,1,0,1,1,0,0,1,2,2,2,2,0,1,2,10,8,6,Ricin-like
0,0,0,0,0,0,0,0,0,0,0,1,0,0,0,1,0,90,1,1,Normal
0,1,1,1,0,1,0,1,0,0,2,3,3,3,0,3,3,5,11,9,Ricin-like
0,0,0,1,0,1,0,0,0,0,3,1,0,0,0,1,1,43,4,2,Normal
1,0,0,1,0,0,1,0,1,0,3,3,2,3,3,3,2,69,14,9,Polonium-like
1,1,1,1,1,1,0,0,0,0,0,3,3,3,1,2,3,3,10,7,Ricin-like
1,0,0,0,0,0,0,0,0,1,2,3,1,3,1,2,2,26,10,6,Borderline
0,0,0,0,0,0,0,0,0,0,1,0,0,0,0,0,0,84,1,0,Normal
1,0,1,0,1,1,1,1,0,0,2,2,3,2,2,2,3,9,11,8,Ricin-like
1,1,1,1,1,1,1,1,0,0,3,3,3,3,0,3,3,1,12,10,Ricin-like
1,1,1,0,1,0,0,0,0,1,3,2,1,3,3,1,2,38,12,5,Normal
0,0,0,0,0,0,1,0,0,0,2,2,2,1,0,1,1,36,7,4,Normal
1,1,0,0,1,1,1,1,0,1,3,2,2,3,3,2,3,7,13,9,Ricin-like
1,0,0,0,0,0,0,0,0,0,1,0,0,0,0,0,1,83,1,0,Normal
0,0,0,0,0,0,0,0,0,0,0,0,1,0,0,1,1,49,1,0,Normal
0,0,0,0,1,0,1,0,1,0,1,2,0,3,3,3,1,47,9,8,Polonium-like
1,1,0,0,1,1,0,1,0,0,2,3,3,3,0,3,3,1,11,9,Ricin-like
1,1,1,0,1,1,1,1,0,0,2,3,3,2,1,3,3,9,11,9,Ricin-like
0,1,1,0,1,1,0,0,0,0,3,3,3,3,2,3,3,6,14,7,Ricin-like
0,0,1,0,1,0,0,0,0,0,1,1,1,0,0,0,1,61,3,1,Normal
0,1,1,1,1,0,0,0,1,0,0,3,3,3,3,2,2,61,12,8,Borderline
0,0,0,0,0,0,0,0,0,0,0,1,1,0,0,1,2,87,2,1,Normal
0,1,0,0,1,0,0,0,1,0,2,2,1,1,2,1,1,38,8,5,Borderline
1,1,0,0,1,1,1,1,0,1,2,2,3,3,0,2,2,10,10,9,Ricin-like
1,0,1,0,1,0,1,0,0,1,3,2,1,2,2,1,2,49,10,5,Borderline
1,0,0,1,1,1,1,1,1,1,3,3,2,3,3,3,2,43,14,12,Polonium-like
0,0,0,0,0,0,0,0,1,0,0,1,0,0,0,0,1,47,1,3,Normal
1,1,1,1,0,1,1,1,0,0,3,2,2,1,1,1,3,10,9,7,Ricin-like
1,0,0,1,0,0,1,0,0,0,1,2,1,3,3,3,2,47,10,6,Polonium-like
1,0,1,1,0,0,0,0,1,0,2,3,0,3,3,3,2,109,11,8,Polonium-like
1,0,0,1,1,0,0,0,0,0,1,2,1,3,2,2,2,46,9,5,Borderline
0,1,0,0,0,0,1,0,1,0,3,3,1,3,3,3,2,156,13,9,Polonium-like
1,0,1,1,0,0,1,0,1,0,2,2,1,3,3,3,3,69,11,8,Polonium-like
0,0,1,0,0,0,0,0,0,0,3,3,0,1,1,3,2,30,8,4,Normal
0,0,0,0,0,0,0,1,0,1,0,1,1,1,0,0,1,51,3,4,Normal
0,0,1,0,0,0,0,0,0,0,1,0,1,0,1,0,0,53,3,0,Normal
1,0,0,1,0,0,0,0,0,0,0,0,0,0,0,0,1,70,0,0,Normal
1,0,1,1,0,1,1,1,1,1,3,3,3,3,0,2,3,6,12,12,Ricin-like
0,0,0,0,0,0,0,0,0,0,0,1,0,0,0,1,1,79,1,1,Normal
1,0,0,0,0,0,0,0,0,0,0,0,1,1,0,0,1,93,2,1,Normal
0,0,0,1,0,0,0,0,1,0,2,2,1,3,3,2,2,77,11,7,Polonium-like
0,1,0,1,0,0,0,0,1,0,2,2,1,3,2,3,3,123,10,7,Polonium-like
1,1,1,0,1,1,1,0,0,1,2,2,1,1,0,3,3,7,6,5,Ricin-like
0,1,1,1,1,1,1,1,1,0,3,3,3,3,2,2,3,2,14,12,Ricin-like
1,0,0,1,0,1,0,0,0,0,2,1,2,1,1,0,1,34,7,3,Borderline
1,0,0,1,0,0,0,0,1,0,3,3,0,3,3,3,3,121,12,8,Polonium-like
0,1,0,0,0,0,0,0,0,1,1,0,0,0,0,1,1,51,1,0,Normal
1,1,1,0,0,0,0,1,0,0,2,2,2,1,0,1,2,3,7,5,Ricin-like
1,0,1,1,0,0,0,0,0,0,3,1,2,1,1,1,1,42,8,2,Borderline
1,0,0,1,0,0,1,1,1,0,2,3,2,3,2,3,2,32,12,11,Borderline
0,0,0,0,0,0,0,0,0,0,0,0,0,1,0,1,0,58,1,1,Normal
1,0,0,1,0,0,1,0,1,0,2,2,1,3,3,2,3,60,11,8,Polonium-like
1,0,0,0,0,0,0,0,0,0,0,1,1,1,0,0,1,84,3,2,Normal
1,0,0,0,1,0,0,0,0,0,2,3,2,2,2,2,3,31,11,5,Borderline
0,1,1,0,0,0,0,0,0,0,0,1,1,1,3,0,2,32,6,2,Normal
1,0,0,1,0,0,0,1,0,0,1,0,1,0,0,0,1,24,2,2,Normal
0,0,1,1,0,1,0,1,0,1,2,3,2,2,2,3,3,7,11,8,Ricin-like
1,1,1,0,1,1,0,1,0,1,3,2,2,1,2,2,2,1,10,6,Ricin-like
1,1,0,0,1,0,0,0,0,0,1,2,1,1,0,2,1,84,5,3,Normal
0,0,0,0,0,0,0,0,0,0,2,2,1,1,2,1,1,19,8,3,Borderline
1,0,0,0,1,1,0,1,0,1,2,3,2,2,1,2,3,18,10,8,Borderline
1,1,1,1,1,1,0,1,0,0,2,2,2,3,1,3,2,13,10,8,Borderline
0,0,0,0,0,0,0,1,0,0,1,0,0,0,1,1,0,34,2,2,Normal
1,1,0,0,1,0,0,0,0,1,3,2,2,2,1,2,3,6,10,4,Ricin-like
1,1,1,1,0,1,1,1,0,0,2,2,3,2,1,2,3,7,10,8,Ricin-like
1,0,0,0,0,0,1,0,1,0,3,3,0,3,0,3,1,59,9,9,Normal
0,0,0,1,0,0,0,0,0,0,0,0,0,0,1,0,0,71,1,0,Normal
0,0,0,0,1,0,0,0,0,0,0,2,2,1,0,1,2,72,5,3,Normal
0,1,0,1,0,0,1,0,0,0,3,3,1,3,3,3,3,69,13,7,Polonium-like
0,0,0,1,1,0,0,0,0,0,0,0,0,2,2,1,0,26,4,2,Normal
0,0,0,1,0,0,0,0,0,1,1,2,3,2,0,1,2,30,8,4,Normal
1,1,1,0,1,1,1,1,0,0,0,2,3,1,0,3,2,4,6,7,Ricin-like
1,0,1,1,0,1,1,0,0,0,1,1,3,0,1,0,1,64,6,3,Borderline
0,1,1,1,1,1,0,0,0,1,1,3,3,3,1,2,3,8,11,7,Ricin-like
0,0,0,0,1,0,0,0,0,1,1,1,1,0,0,0,1,48,3,1,Normal
0,0,0,0,0,0,0,1,0,1,1,0,0,0,0,0,0,66,1,2,Normal
1,0,0,0,1,1,0,0,1,0,2,1,3,3,2,1,1,66,11,7,Borderline
0,0,0,0,0,0,1,0,0,0,3,3,1,1,0,3,1,71,8,5,Normal
0,1,0,1,1,1,1,1,1,1,3,3,3,3,0,3,3,4,12,12,Ricin-like
0,1,1,1,1,1,1,1,1,1,3,3,3,3,0,2,3,6,12,12,Ricin-like
1,0,0,0,1,1,0,0,1,0,0,0,1,0,0,1,0,56,1,3,Borderline
1,1,1,1,0,1,1,0,0,1,3,3,3,2,1,2,3,4,12,7,Ricin-like
0,0,1,1,0,0,1,0,1,0,3,3,0,3,3,3,2,24,12,9,Polonium-like
1,0,1,1,1,1,0,1,0,0,2,2,1,1,0,3,3,8,6,6,Ricin-like
1,1,1,1,0,1,1,1,0,1,1,1,1,2,0,0,2,4,5,7,Ricin-like
0,0,0,0,0,0,0,0,0,0,0,1,0,0,0,0,0,51,1,1,Normal
0,0,1,0,0,1,0,1,0,0,1,2,2,2,3,2,3,8,10,7,Ricin-like
0,0,0,0,0,0,0,0,0,1,1,1,3,0,1,1,2,58,6,1,Normal
0,0,0,0,0,0,1,0,0,0,0,0,0,0,1,0,1,59,1,1,Normal
0,1,1,1,0,1,0,0,1,0,2,2,1,3,3,3,3,166,11,8,Polonium-like
0,0,0,0,0,0,0,0,0,0,2,0,0,1,0,0,1,84,3,1,Normal
1,0,0,0,0,0,0,0,0,0,1,0,0,1,2,0,0,71,4,1,Normal
0,0,0,0,0,0,0,0,0,1,0,1,2,0,1,0,1,57,4,1,Normal
1,1,0,1,1,0,1,1,0,0,2,2,2,3,3,2,3,95,12,8,Polonium-like
1,0,1,1,0,0,0,0,0,0,1,1,1,0,0,1,2,47,3,1,Normal
1,1,0,1,0,0,1,0,1,0,2,3,1,3,3,3,2,121,12,9,Polonium-like
1,0,0,1,1,1,1,1,0,1,3,2,2,3,1,2,3,5,11,9,Ricin-like
0,0,0,0,0,0,0,0,0,0,0,1,0,0,0,0,0,64,1,1,Normal
0,0,0,0,0,0,0,0,1,0,0,2,2,2,2,1,1,78,8,6,Normal
0,0,0,1,1,0,0,0,0,0,3,3,3,3,3,3,3,151,15,6,Polonium-like
1,0,0,0,0,0,0,0,0,1,0,0,0,0,0,0,0,62,0,0,Normal
1,1,1,1,0,1,1,0,0,1,3,3,3,1,1,2,3,3,11,6,Ricin-like
0,0,0,0,1,0,0,0,0,0,2,2,0,3,2,2,1,57,9,5,Normal
1,1,1,0,1,1,0,1,0,0,3,3,3,2,1,2,3,6,12,8,Ricin-like
1,0,1,0,0,0,0,0,0,0,0,0,0,1,0,1,1,59,1,1,Normal
0,0,0,0,1,1,1,0,0,0,2,2,0,3,3,3,2,22,10,7,Borderline
1,0,0,0,0,1,0,1,0,0,2,3,2,2,2,2,3,4,11,8,Ricin-like
0,1,1,1,0,1,0,1,0,1,2,2,3,2,0,1,2,10,9,7,Ricin-like
1,0,0,0,0,0,0,0,0,0,1,2,1,1,0,1,1,25,5,3,Normal
1,1,1,0,1,1,0,0,0,0,3,2,2,2,2,2,3,9,11,5,Ricin-like
1,1,1,1,1,0,0,1,0,0,3,3,3,3,0,2,3,2,12,8,Ricin-like
0,0,0,1,0,0,0,0,1,0,1,1,0,1,1,0,0,60,4,4,Normal
1,1,1,1,1,1,1,1,1,0,2,2,2,2,0,2,2,3,8,10,Ricin-like
0,0,0,0,0,0,0,0,0,1,0,0,0,0,0,0,0,46,0,0,Normal
1,0,0,1,0,0,0,0,0,0,2,2,1,2,1,1,1,46,8,4,Borderline
0,0,0,0,0,0,0,0,0,0,0,0,1,1,0,0,0,76,2,1,Normal
1,1,1,1,0,1,0,1,0,1,1,2,3,3,2,2,2,1,11,8,Ricin-like
0,0,0,0,0,0,0,0,0,0,1,0,0,1,0,0,1,39,2,1,Normal
0,1,0,1,0,0,1,0,1,1,3,3,2,3,3,2,3,25,14,9,Borderline
0,0,1,0,0,0,0,0,0,1,0,0,0,1,0,1,0,54,1,1,Normal
0,0,0,0,0,0,0,0,0,0,0,0,2,0,0,1,1,61,2,0,Normal
0,0,0,0,0,0,0,0,0,0,1,1,0,0,0,0,0,62,2,1,Normal
1,1,1,1,1,0,1,1,0,0,2,3,3,2,0,3,3,4,10,8,Ricin-like
1,1,1,1,1,1,0,0,0,1,2,3,3,2,1,3,3,1,11,6,Ricin-like
1,1,1,0,1,1,1,0,1,0,3,3,3,1,1,1,2,30,11,8,Borderline
0,1,1,0,0,0,1,1,0,0,2,2,3,3,1,1,3,1,11,8,Ricin-like
0,0,0,0,0,0,0,0,0,0,0,1,0,0,0,0,0,82,1,1,Normal
1,0,0,0,0,0,0,0,0,1,1,0,1,0,1,1,1,39,3,0,Normal
0,0,0,0,0,0,0,0,0,0,0,0,1,0,0,0,0,77,1,0,Normal
1,1,0,1,1,0,0,0,1,0,1,2,2,3,3,3,2,30,11,7,Polonium-like
1,1,0,1,0,1,0,1,0,0,3,1,2,1,3,0,3,33,10,5,Borderline
0,0,1,1,0,1,0,0,0,1,3,3,3,2,1,3,2,45,12,6,Borderline
0,0,0,1,0,0,0,0,0,0,0,0,1,0,1,0,0,90,2,0,Normal
0,0,0,1,0,0,1,0,1,0,2,3,1,3,2,2,2,58,11,9,Borderline
1,1,1,1,0,0,0,1,0,0,0,3,3,1,1,3,3,8,8,6,Ricin-like
0,1,0,1,0,0,0,1,0,0,3,1,3,0,1,0,2,68,8,3,Borderline
0,1,0,1,0,1,1,1,0,0,0,1,1,1,2,2,1,25,5,6,Borderline
0,0,0,0,0,0,0,0,0,0,0,1,0,0,0,0,0,29,1,1,Normal
0,1,0,1,1,0,0,1,0,1,2,1,2,3,3,1,2,17,11,6,Borderline
0,1,1,1,0,1,1,0,0,1,1,2,2,2,3,2,2,4,10,6,Ricin-like
0,0,0,1,0,0,0,0,0,0,1,1,1,1,0,0,2,88,4,2,Normal
0,0,0,1,0,0,1,0,1,0,3,3,2,3,3,3,2,152,14,9,Polonium-like
1,0,1,0,1,0,1,1,0,0,3,3,3,2,2,2,3,2,13,8,Ricin-like
0,0,0,0,0,0,1,0,0,0,3,2,3,1,0,1,2,18,9,4,Borderline
0,0,1,0,0,0,0,1,1,0,1,2,2,1,0,1,1,45,6,7,Borderline
1,1,1,0,0,0,0,1,0,0,0,1,1,0,0,1,1,40,2,3,Normal
0,1,1,1,0,0,0,1,0,1,2,2,2,3,1,2,2,4,10,7,Ricin-like
0,1,0,0,0,0,0,0,0,0,0,0,0,0,0,0,0,58,0,0,Normal
1,0,0,1,1,1,1,0,1,0,3,2,2,3,1,2,2,54,11,9,Polonium-like
0,0,0,0,1,0,0,0,0,1,0,0,0,1,0,0,1,34,1,1,Normal
1,1,0,1,0,0,1,1,0,0,2,2,2,2,1,2,3,55,9,7,Borderline
0,0,0,0,0,0,0,0,0,0,0,0,0,0,0,0,0,92,0,0,Normal
0,0,0,0,0,0,0,0,0,1,0,1,0,0,0,0,0,51,1,1,Normal
1,0,1,1,1,1,0,0,1,0,3,2,2,1,0,2,3,8,8,6,Ricin-like
1,1,0,1,1,0,0,1,0,0,1,0,1,0,2,0,1,70,4,2,Borderline
1,1,0,0,0,0,1,1,0,0,1,2,3,2,2,2,2,71,10,7,Borderline
1,1,1,1,1,1,1,1,0,0,3,3,1,2,0,2,2,5,9,9,Ricin-like
1,0,0,1,0,0,1,0,1,0,3,3,2,3,3,3,3,167,14,9,Polonium-like
0,0,0,1,0,0,1,0,1,1,3,2,3,2,1,2,2,69,11,7,Polonium-like
1,1,1,0,0,1,0,1,0,1,2,2,3,2,3,2,2,10,12,7,Ricin-like
1,1,1,1,1,1,0,0,1,0,1,2,2,1,0,2,2,9,6,6,Ricin-like
1,0,0,1,0,0,1,0,1,0,3,2,3,2,2,3,3,61,12,7,Polonium-like
1,1,1,1,0,1,0,0,0,1,3,3,2,1,2,2,2,12,11,5,Borderline
1,0,1,0,1,0,1,0,1,0,2,2,3,2,2,3,3,91,11,7,Polonium-like
1,1,1,1,0,0,0,1,0,1,3,3,3,2,1,2,3,8,12,7,Ricin-like
0,1,1,1,1,0,0,1,0,0,2,2,2,3,1,3,2,6,10,7,Ricin-like
1,0,1,1,1,1,0,0,0,1,3,2,2,2,0,3,2,16,9,5,Borderline
1,1,0,1,1,1,1,0,0,0,2,2,3,3,1,2,2,6,11,7,Ricin-like
0,1,0,1,0,1,1,1,0,0,2,2,0,3,3,3,1,118,10,9,Polonium-like
0,1,0,1,0,0,1,1,1,0,3,3,3,3,3,3,3,107,15,11,Polonium-like
0,0,0,1,1,0,0,1,0,0,2,1,2,1,1,1,2,62,7,4,Borderline
1,0,0,0,0,0,0,0,0,0,3,2,0,1,0,1,1,75,6,3,Normal
0,0,0,0,0,0,1,0,0,0,0,0,0,0,0,0,0,38,0,1,Normal
1,1,0,0,0,1,1,1,0,1,3,2,2,3,0,2,2,5,10,9,Ricin-like
0,0,0,1,1,0,1,0,1,0,3,3,2,3,3,3,2,79,14,9,Polonium-like
1,1,0,0,0,0,0,0,0,1,2,2,1,1,0,1,1,46,6,3,Normal
1,0,0,1,0,1,1,0,0,0,0,2,2,3,3,2,1,28,10,7,Borderline
0,0,0,1,0,0,1,0,0,0,0,0,0,1,0,0,0,52,1,2,Normal
0,0,0,0,0,1,0,0,0,0,2,1,0,0,0,0,1,35,3,2,Normal
1,0,0,0,0,0,0,1,0,0,1,1,0,0,0,0,0,32,2,3,Normal
1,1,1,1,0,1,0,1,0,0,3,3,3,2,2,2,3,3,13,8,Ricin-like
1,1,0,1,0,0,1,0,1,0,3,3,3,3,3,3,3,85,15,9,Polonium-like
1,0,1,1,0,0,0,0,0,1,3,3,3,3,0,2,3,3,12,6,Ricin-like
1,1,0,0,1,0,0,1,0,1,2,2,2,2,0,2,2,2,8,6,Ricin-like
0,0,0,0,0,0,0,0,0,0,0,0,0,1,0,1,0,93,1,1,Normal
1,1,1,0,1,1,1,1,0,0,2,3,3,3,2,2,3,1,13,10,Ricin-like
1,0,0,0,0,0,0,0,0,0,1,1,0,1,0,0,0,85,3,2,Normal
1,1,0,1,0,0,1,0,1,0,3,3,0,3,3,3,2,67,12,9,Polonium-like
0,0,0,1,0,0,1,0,1,0,2,2,0,3,2,2,2,159,9,8,Polonium-like
1,1,1,1,0,1,0,0,0,1,2,3,3,3,0,3,3,1,11,7,Ricin-like
0,0,0,0,1,0,0,0,0,0,0,0,0,0,0,0,0,43,0,0,Normal
0,0,0,0,0,0,1,0,0,0,1,0,0,0,0,1,0,38,1,1,Normal
1,1,1,1,1,0,0,1,0,0,2,2,3,1,1,2,2,3,9,5,Ricin-like
1,0,0,1,0,0,1,0,1,0,3,2,2,2,2,2,2,50,11,7,Polonium-like
1,1,0,1,1,1,1,0,1,0,2,2,2,3,3,2,3,29,12,9,Polonium-like
0,0,1,0,1,0,0,1,0,1,2,2,2,1,2,1,1,60,9,5,Borderline
1,0,1,0,0,1,0,0,0,0,2,1,1,1,1,0,1,51,6,3,Borderline
0,0,0,1,0,1,1,1,1,0,1,3,2,3,3,3,3,122,12,12,Polonium-like
0,0,0,0,0,0,1,0,0,0,0,0,0,1,0,0,0,59,1,2,Normal
1,1,1,1,0,0,0,1,0,0,2,3,3,1,0,3,3,9,9,6,Ricin-like
1,0,0,0,0,0,0,0,0,0,1,0,0,1,0,0,1,57,2,1,Normal
0,0,1,1,0,0,0,0,0,0,0,1,2,2,1,0,1,57,6,3,Normal
1,0,0,1,0,1,1,0,0,0,2,2,1,3,1,2,2,65,9,7,Normal
1,0,1,0,0,0,0,0,0,0,2,2,2,1,1,1,2,67,8,3,Borderline
1,1,1,0,1,1,0,0,0,0,3,3,2,3,0,2,3,5,11,7,Ricin-like
0,0,0,1,0,0,1,0,1,0,2,2,1,2,2,3,3,29,9,7,Polonium-like
1,1,1,0,1,0,0,1,0,0,2,3,3,3,2,2,3,6,13,8,Ricin-like
0,0,0,1,1,0,1,0,1,1,2,3,1,3,3,3,2,154,12,9,Polonium-like
0,0,0,0,0,0,1,1,0,1,0,0,1,0,0,0,0,34,1,3,Borderline
0,1,1,1,1,0,0,1,0,1,1,2,2,1,2,2,2,18,8,5,Borderline
0,0,0,0,0,0,0,0,0,0,1,3,3,2,0,2,2,64,9,5,Normal
0,0,1,1,0,1,1,0,0,1,3,3,0,2,0,2,2,33,8,7,Normal
0,1,0,0,1,0,1,1,0,0,1,3,3,2,1,2,3,5,10,8,Ricin-like
0,0,0,0,1,1,1,0,0,1,1,0,1,0,0,1,1,28,2,2,Normal
1,1,1,1,1,1,0,1,0,0,2,2,2,3,0,2,2,8,9,8,Ricin-like
1,0,1,0,0,1,1,0,0,0,2,2,2,3,2,1,2,29,11,7,Borderline
0,0,0,0,0,1,1,1,0,0,1,1,1,1,0,1,2,48,4,6,Borderline
1,0,0,1,1,0,1,0,1,1,3,3,1,2,2,2,1,33,11,8,Borderline
1,0,0,0,0,0,0,0,0,1,1,1,1,1,0,1,2,85,4,2,Normal
0,1,0,1,0,1,1,0,0,0,2,2,2,3,1,1,2,8,10,7,Borderline
1,0,0,0,0,1,0,0,0,0,2,2,2,3,1,2,1,84,10,6,Normal
0,0,0,0,0,0,1,0,0,0,0,0,0,0,0,1,0,34,0,1,Normal
0,0,0,1,1,0,1,0,0,0,1,2,1,2,3,2,2,58,9,5,Borderline
0,0,0,0,0,0,1,0,0,0,2,0,0,0,0,0,1,58,2,1,Normal
1,0,0,1,1,1,1,0,0,0,1,2,2,1,2,1,1,36,8,5,Borderline
0,0,0,0,0,0,1,0,0,1,2,1,0,1,0,1,1,96,4,3,Normal
0,0,0,0,0,0,0,0,0,0,2,0,0,1,0,0,1,67,3,1,Normal
0,0,0,0,0,0,0,0,0,0,1,0,1,0,0,0,1,94,2,0,Normal
0,0,0,0,1,0,0,0,0,0,2,2,2,2,2,1,2,49,10,4,Normal
1,0,1,0,0,0,0,0,0,0,1,0,0,0,0,0,1,40,1,0,Normal
1,1,0,0,0,1,1,0,0,0,3,2,3,1,2,1,3,13,11,5,Borderline
0,0,0,0,0,0,0,0,0,0,0,0,0,0,0,0,0,24,0,0,Normal
1,0,0,0,0,0,0,1,0,0,3,1,0,1,1,0,0,59,6,4,Normal
1,0,1,0,1,0,1,1,0,0,2,2,2,2,0,3,2,9,8,7,Ricin-like
1,1,1,0,0,1,0,0,0,1,3,3,2,2,0,2,2,3,10,6,Ricin-like
0,0,0,1,1,0,0,0,1,1,1,1,1,1,2,1,2,70,6,4,Borderline
1,1,0,1,0,1,0,0,1,0,1,2,2,3,3,2,2,74,11,8,Polonium-like
0,1,1,0,1,1,1,1,0,0,3,3,3,3,0,2,3,6,12,10,Ricin-like
0,0,1,0,0,0,0,0,0,1,0,0,0,1,0,0,0,80,1,1,Normal
0,0,1,1,0,0,1,0,1,0,2,2,1,2,2,2,2,49,9,7,Polonium-like
1,0,0,0,0,0,0,0,0,0,0,0,0,0,0,0,0,32,0,0,Normal
0,0,0,1,0,0,0,0,0,0,1,1,2,2,1,1,2,27,7,3,Normal
1,1,1,1,1,1,0,1,0,1,3,3,3,3,2,2,3,7,14,9,Ricin-like
0,0,0,1,0,0,0,0,0,0,2,1,0,0,0,1,0,63,3,1,Normal
1,1,0,1,0,1,0,1,0,0,1,0,3,0,0,0,1,51,4,3,Borderline
1,0,0,0,1,0,0,0,0,0,0,0,0,0,0,1,0,40,0,0,Normal
0,1,1,0,0,1,0,1,1,0,3,2,2,2,0,2,3,6,9,9,Ricin-like
0,1,0,1,0,0,0,0,0,0,0,0,0,0,0,0,0,80,0,0,Normal
0,1,1,1,1,1,0,1,0,0,3,3,3,3,1,3,3,4,13,9,Ricin-like
0,0,1,1,0,0,1,0,0,0,2,2,1,3,3,2,3,68,11,6,Polonium-like
1,1,0,1,1,0,0,0,0,0,3,3,2,3,0,2,3,2,11,6,Ricin-like
1,1,1,1,1,1,0,1,0,1,2,2,3,2,2,2,3,2,11,7,Ricin-like
0,0,0,0,0,0,0,0,0,0,0,0,0,0,0,0,0,73,0,0,Normal
1,0,1,1,1,1,0,1,0,1,3,3,3,3,2,2,3,10,14,9,Borderline
0,0,0,0,0,0,1,0,0,0,1,1,0,0,0,0,1,68,2,2,Normal
1,0,0,0,0,0,0,0,0,1,1,2,1,0,0,1,1,51,4,2,Normal
1,0,0,1,1,0,1,0,1,0,3,3,3,3,2,3,3,162,14,9,Polonium-like
0,0,0,0,0,0,1,0,0,0,1,0,0,0,1,1,1,27,2,1,Normal
1,0,1,1,0,1,0,1,0,0,3,3,3,2,1,2,3,3,12,8,Ricin-like
0,0,0,1,0,0,1,0,1,0,3,3,0,3,3,3,3,155,12,9,Polonium-like
0,0,0,0,0,0,0,0,0,0,2,2,1,0,0,1,1,44,5,2,Normal
0,0,0,0,0,0,0,0,0,0,1,1,0,0,0,1,0,27,2,1,Normal
1,0,0,0,0,0,0,0,0,0,1,1,3,0,0,1,1,54,5,1,Normal
1,0,0,1,0,0,1,0,1,1,3,2,3,2,2,3,3,167,12,7,Polonium-like
1,1,1,0,0,1,1,1,0,1,3,3,2,3,0,2,2,7,11,10,Ricin-like
1,0,0,1,0,0,1,0,1,0,1,2,2,3,2,3,3,29,10,8,Polonium-like
1,1,1,1,0,1,0,1,0,1,2,3,3,2,0,2,3,8,10,8,Ricin-like
1,1,1,1,1,1,1,1,0,0,2,3,2,3,0,3,2,1,10,10,Ricin-like
0,0,0,0,0,0,0,0,0,0,1,0,0,0,0,0,0,46,1,0,Normal
1,1,1,1,1,1,0,1,0,1,2,2,2,2,0,3,3,9,8,7,Ricin-like
1,1,0,1,1,1,1,1,0,0,2,3,2,2,1,2,2,3,10,9,Ricin-like
1,1,1,1,1,1,1,1,0,1,2,3,3,2,1,3,3,6,11,9,Ricin-like
0,0,0,1,1,0,1,0,0,0,1,1,2,1,1,1,1,42,6,3,Borderline
0,0,0,0,1,0,0,0,0,0,1,0,0,0,0,1,0,79,1,0,Normal
1,0,1,0,0,0,1,1,0,0,1,2,2,3,1,2,2,26,9,8,Borderline
0,0,0,0,0,1,0,1,0,0,0,1,0,0,0,0,1,83,1,4,Normal
1,1,1,1,1,0,0,1,0,1,3,3,1,3,0,2,3,4,10,8,Ricin-like
0,0,0,0,0,0,0,0,0,0,1,2,1,1,1,2,2,69,6,3,Normal
0,0,1,1,1,1,1,0,0,1,1,0,1,0,2,0,1,54,4,2,Borderline
1,0,0,0,0,0,1,0,0,0,0,2,2,3,3,2,2,24,10,6,Polonium-like
0,1,0,0,1,0,1,1,0,0,2,2,3,2,0,2,2,7,9,7,Ricin-like
1,0,0,0,0,1,1,0,0,0,0,0,1,1,0,0,0,87,2,3,Normal
0,1,0,0,1,0,0,0,0,0,1,0,0,1,0,0,0,85,2,1,Normal
1,0,0,0,0,0,0,0,0,1,2,3,3,1,1,2,3,66,10,4,Normal
1,0,0,0,1,0,0,0,1,0,3,3,3,3,3,2,3,55,15,8,Borderline
1,1,1,1,0,0,1,0,0,0,1,2,2,3,2,2,3,72,10,6,Polonium-like
0,0,0,1,0,0,0,0,0,1,0,0,0,1,0,1,1,61,1,1,Normal
0,1,0,0,0,0,0,0,0,0,3,3,1,3,3,2,1,53,13,6,Normal
1,1,1,1,1,1,0,0,0,0,1,1,1,1,3,1,1,30,7,3,Borderline
0,0,0,0,0,0,0,0,0,0,1,3,2,2,1,3,3,44,9,5,Normal
1,1,0,1,1,0,1,0,1,0,2,2,3,3,3,2,3,86,13,8,Polonium-like
1,0,0,0,0,0,0,0,0,0,2,3,2,2,0,2,3,44,9,5,Normal
1,0,0,1,0,0,1,0,1,1,2,2,2,3,3,3,2,130,12,8,Polonium-like
1,0,0,1,1,1,1,1,0,1,3,2,1,2,2,3,2,20,10,8,Borderline
1,0,1,1,1,0,0,1,0,1,3,3,3,3,1,3,3,2,13,8,Ricin-like
1,0,1,0,0,1,0,1,1,0,2,3,3,2,0,2,3,8,10,10,Ricin-like
0,0,0,0,0,0,1,1,0,0,2,2,1,2,2,1,1,18,9,7,Borderline
0,0,0,1,0,1,1,0,0,0,2,2,2,3,3,2,2,159,12,7,Polonium-like
1,1,1,1,1,1,1,1,0,1,3,3,2,2,0,2,2,4,10,9,Ricin-like
0,0,0,0,0,0,0,0,0,1,2,2,0,1,0,1,1,26,5,3,Normal
0,0,0,1,0,0,1,0,1,0,2,3,2,3,3,3,3,64,13,9,Polonium-like
0,1,0,1,0,0,1,0,1,0,2,2,0,3,2,2,2,58,9,8,Polonium-like
0,0,0,0,0,0,0,0,0,0,1,2,1,0,0,1,2,47,4,2,Normal
0,0,1,0,0,1,0,0,0,0,1,0,0,1,2,0,1,80,4,2,Normal
0,0,0,0,0,0,0,0,0,0,1,2,2,1,1,2,2,42,7,3,Normal
1,1,0,0,0,0,0,0,0,0,2,3,1,3,3,2,2,43,12,6,Borderline
0,1,0,0,1,1,0,1,0,0,3,3,3,3,0,2,3,3,12,9,Ricin-like
1,0,0,1,1,0,1,0,1,0,3,3,2,3,3,3,3,165,14,9,Polonium-like
0,0,0,0,0,0,0,0,0,0,1,2,2,2,1,1,1,28,8,4,Normal
0,1,0,0,0,0,0,0,0,0,0,0,1,0,0,0,1,39,1,0,Normal
0,0,0,0,0,1,0,1,1,0,1,0,0,0,0,1,1,46,1,5,Normal
0,1,1,0,0,1,0,0,1,1,1,2,2,2,1,1,2,14,8,7,Borderline
1,1,0,1,1,1,1,0,0,0,3,2,2,3,1,2,2,2,11,7,Ricin-like
1,1,0,1,1,1,0,0,0,0,3,3,2,3,3,3,3,29,14,7,Polonium-like
1,0,1,1,1,0,1,0,0,0,2,2,2,3,3,2,2,40,12,6,Polonium-like
0,0,1,0,0,0,0,1,0,1,2,3,2,3,0,2,2,31,10,8,Normal
0,0,0,0,0,0,0,0,0,0,1,3,2,2,1,2,3,73,9,5,Normal
1,1,0,1,0,1,1,0,0,0,2,2,3,2,1,2,3,18,10,6,Borderline
0,0,0,1,0,0,1,0,0,1,3,2,1,2,1,3,2,34,9,5,Borderline
0,1,0,0,1,1,0,0,0,0,1,1,1,2,1,1,1,35,6,4,Normal
0,0,0,0,0,0,0,0,0,1,0,0,1,0,0,0,0,55,1,0,Normal
0,0,0,0,0,1,0,1,0,0,0,0,2,1,0,1,1,45,3,4,Normal
1,1,1,1,0,1,1,0,0,0,2,3,2,3,1,2,3,5,11,8,Ricin-like
1,0,1,1,1,0,0,0,0,0,2,3,1,3,3,2,1,28,12,6,Borderline
1,1,1,0,0,0,0,1,0,0,3,3,3,3,0,2,3,1,12,8,Ricin-like
1,1,1,1,1,1,1,1,1,1,3,3,3,2,0,2,3,5,11,11,Ricin-like
1,0,1,1,0,0,0,1,0,0,2,2,1,0,2,1,2,35,7,4,Borderline
0,0,1,1,1,1,0,0,1,1,2,2,3,2,2,1,2,54,11,7,Borderline
1,1,0,1,0,1,0,0,0,0,3,3,0,3,3,3,2,96,12,7,Polonium-like
0,0,1,0,1,0,1,0,0,0,3,3,1,3,3,3,3,68,13,7,Polonium-like
1,0,0,0,0,0,0,1,0,0,0,0,0,0,0,0,0,62,0,2,Normal
0,0,0,0,0,1,0,0,0,0,0,0,0,0,0,1,1,32,0,1,Normal
0,1,1,1,0,0,0,0,0,1,1,0,0,0,1,0,0,38,2,0,Normal
0,1,0,1,1,0,1,1,1,0,3,3,1,3,3,3,3,61,13,11,Polonium-like
0,0,0,1,0,0,0,0,0,0,3,2,0,1,0,1,1,59,6,3,Normal
0,0,0,1,0,1,1,0,0,0,2,3,1,2,2,2,2,32,10,7,Borderline
0,1,1,1,0,0,0,0,1,0,1,0,2,0,0,0,2,48,3,2,Borderline
0,0,0,1,0,0,0,0,0,0,1,0,0,0,0,0,0,45,1,0,Normal
0,0,0,0,0,0,0,0,0,1,0,1,2,0,0,0,1,29,3,1,Normal
0,0,0,0,0,0,0,0,0,0,0,0,0,0,0,1,0,57,0,0,Normal
0,0,1,1,1,1,0,1,1,0,3,3,3,3,1,2,3,1,13,11,Ricin-like
0,0,0,1,0,0,0,0,0,0,1,0,0,0,0,0,1,24,1,0,Normal
0,0,0,1,0,0,0,0,0,0,0,0,0,1,0,1,1,63,1,1,Normal
1,0,0,1,0,0,1,0,1,0,2,2,3,2,2,2,2,33,11,7,Polonium-like
0,0,0,1,1,0,1,1,1,1,2,3,1,3,2,2,2,58,11,11,Borderline
1,1,1,0,0,0,0,1,0,1,1,2,3,3,2,1,3,9,11,7,Ricin-like
0,0,0,1,1,0,0,1,1,0,2,3,2,3,3,3,3,24,13,10,Polonium-like
1,0,0,0,0,0,0,0,0,1,1,0,0,0,0,1,1,43,1,0,Normal
0,1,1,1,1,1,1,1,0,0,3,3,3,3,2,2,3,1,14,10,Ricin-like
1,1,1,0,1,1,0,1,0,0,3,3,3,3,0,3,3,10,12,9,Ricin-like
0,0,1,1,1,0,0,1,1,0,3,2,2,2,1,1,2,27,10,8,Borderline
0,1,0,0,0,0,0,0,0,0,1,1,1,0,0,0,1,81,3,1,Normal
0,1,0,0,0,0,1,0,1,1,3,3,3,3,3,3,3,158,15,9,Polonium-like
0,0,1,0,1,0,0,0,0,0,0,0,0,1,0,1,1,61,1,1,Normal
0,1,0,0,1,0,0,0,0,0,2,1,2,2,2,0,1,50,9,3,Borderline
0,0,0,0,0,0,0,0,0,0,1,0,0,0,0,1,0,75,1,0,Normal
0,0,1,0,0,1,0,0,0,1,1,0,1,2,2,0,0,44,6,3,Borderline
0,0,0,1,0,0,0,0,0,0,1,0,0,0,0,1,1,44,1,0,Normal
0,0,0,1,0,0,0,0,0,0,1,2,2,3,2,3,2,53,10,5,Borderline
1,0,0,1,1,1,0,1,0,1,2,2,1,2,1,2,2,4,8,7,Ricin-like
0,0,0,0,1,0,0,0,0,1,2,2,0,2,0,2,1,34,6,4,Normal
1,0,0,0,0,0,0,0,0,0,0,0,1,1,1,1,0,26,3,1,Normal
0,0,1,1,0,0,0,1,1,1,3,2,1,2,2,2,3,51,10,8,Polonium-like
0,0,1,0,1,1,1,1,0,1,3,3,3,3,0,2,3,1,12,10,Ricin-like
1,0,0,1,1,1,1,1,0,1,3,3,2,3,0,2,2,3,11,10,Ricin-like
0,0,0,0,0,0,1,0,0,0,0,1,0,1,1,1,0,27,3,3,Normal
0,0,0,0,0,0,0,0,0,0,1,0,0,0,0,0,0,79,1,0,Normal
1,0,0,0,0,0,0,0,0,1,0,0,1,0,0,1,0,80,1,0,Normal
1,0,1,1,1,1,0,1,0,1,2,2,2,3,3,2,3,4,12,8,Ricin-like
1,1,1,1,0,1,1,0,0,0,3,2,3,2,0,1,2,36,10,6,Borderline
1,1,1,0,1,0,0,0,0,0,2,2,3,1,0,2,2,4,8,3,Ricin-like
0,0,0,0,0,0,0,0,0,0,3,2,1,1,0,1,1,34,7,3,Normal
0,0,0,0,0,0,1,0,1,0,3,3,2,3,2,3,3,110,13,9,Polonium-like
0,0,1,0,0,0,0,0,0,0,2,1,0,2,2,2,1,25,7,3,Borderline
1,1,0,1,1,1,1,1,0,1,3,3,3,2,0,2,3,10,11,9,Ricin-like
0,1,0,1,0,1,1,0,0,0,1,3,3,1,0,3,3,8,8,6,Ricin-like
0,0,0,1,0,0,1,0,1,0,3,3,3,3,3,3,3,64,15,9,Polonium-like
0,1,0,1,0,0,1,1,1,0,2,1,2,3,2,3,2,52,10,9,Borderline
1,0,0,1,0,1,1,0,1,1,3,3,2,3,3,3,3,84,14,10,Polonium-like
0,0,0,0,0,0,0,1,0,0,1,2,2,2,0,2,1,34,7,6,Normal
1,0,0,0,0,0,0,0,0,0,0,1,0,0,0,1,0,76,1,1,Normal
1,1,1,1,0,1,1,0,0,1,3,3,3,3,1,2,3,5,13,8,Ricin-like
1,0,0,1,0,0,1,0,1,0,2,3,2,3,2,3,2,49,12,9,Polonium-like
0,0,0,0,1,0,0,0,0,0,1,0,0,1,2,0,0,80,4,1,Normal
1,1,1,1,1,0,0,1,0,1,1,2,2,1,0,2,2,7,6,5,Ricin-like
1,1,0,1,1,0,1,0,1,0,2,3,1,2,1,2,3,162,9,8,Polonium-like
1,1,1,1,1,1,0,1,0,0,2,3,3,3,0,3,3,5,11,9,Ricin-like
1,0,0,1,1,1,1,0,1,0,2,2,0,3,3,2,1,24,10,9,Polonium-like
0,0,0,0,1,0,1,0,0,0,3,1,0,0,0,1,1,28,4,2,Normal
1,1,1,1,0,1,1,1,0,1,3,3,3,2,0,3,3,7,11,9,Ricin-like
0,0,0,0,0,0,0,0,0,0,1,0,0,0,0,0,0,94,1,0,Normal
0,0,0,0,0,0,0,0,0,1,1,1,1,0,0,1,2,72,3,1,Normal
1,1,1,0,1,0,0,1,1,0,2,2,1,2,0,3,3,10,7,8,Ricin-like
0,0,0,0,0,0,0,0,0,0,0,1,1,1,1,0,2,85,4,2,Normal
0,0,0,0,0,0,0,1,0,0,1,0,0,0,0,1,0,93,1,2,Normal
0,0,1,0,0,0,0,0,0,0,1,0,1,0,0,1,0,30,2,0,Normal
0,0,0,0,0,0,0,0,0,0,0,2,3,1,0,2,3,86,6,3,Normal
1,0,0,1,0,1,0,0,0,0,1,1,3,1,0,1,1,69,6,3,Borderline
0,0,0,1,1,0,0,0,0,0,2,3,2,3,3,2,3,60,13,6,Borderline
0,0,0,1,0,1,1,0,1,0,3,2,3,2,2,2,2,89,12,8,Polonium-like
0,1,1,0,0,0,0,1,0,1,3,1,2,0,3,0,2,29,9,3,Borderline
0,0,0,0,0,0,1,0,0,1,1,2,1,1,0,2,1,58,5,4,Normal
1,0,1,1,1,0,1,0,1,1,3,3,1,3,3,3,3,57,13,9,Polonium-like
0,1,1,1,1,1,0,0,0,0,3,3,3,2,0,2,3,4,11,6,Ricin-like
0,0,0,0,0,0,0,0,1,0,3,3,1,3,1,3,3,148,11,8,Polonium-like
0,0,0,1,0,0,0,0,0,0,2,3,3,2,0,2,2,71,10,5,Normal
0,0,1,0,0,0,0,0,0,1,0,0,0,0,2,0,0,87,2,0,Normal
0,0,0,1,0,0,0,0,0,0,3,3,1,3,3,3,2,72,13,6,Polonium-like
0,0,0,0,0,0,0,0,0,1,0,0,1,0,2,1,1,69,3,0,Normal
0,0,0,0,0,0,0,0,0,1,0,1,0,0,0,1,0,37,1,1,Normal
0,1,0,0,0,0,0,0,1,0,0,1,0,0,0,1,0,45,1,3,Normal
1,0,0,0,0,1,0,1,0,0,1,2,2,3,2,2,2,45,10,8,Borderline
1,0,1,1,0,0,0,0,0,1,1,2,3,2,1,2,2,59,9,4,Borderline
0,1,1,1,0,1,1,1,0,1,3,3,2,3,1,2,2,2,12,10,Ricin-like
0,0,1,0,0,0,0,0,0,0,1,1,0,0,0,0,1,42,2,1,Normal
0,0,0,0,0,0,0,0,0,0,1,2,2,0,0,1,1,50,5,2,Normal
1,0,0,0,1,0,0,0,0,0,2,1,2,3,2,1,2,34,10,4,Borderline
0,0,0,0,0,0,0,0,0,0,1,0,1,1,0,1,0,78,3,1,Normal
1,1,1,0,1,1,1,1,1,1,2,2,3,3,1,2,3,4,11,11,Ricin-like
1,0,1,1,1,1,1,0,1,1,2,2,1,1,3,2,2,4,9,7,Ricin-like
1,0,0,1,0,0,0,0,0,1,1,1,3,0,0,1,1,88,5,1,Normal
0,1,0,0,0,0,1,0,1,0,3,3,2,3,2,3,2,28,13,9,Polonium-like
0,0,0,1,0,0,0,0,0,0,0,1,0,0,0,0,1,73,1,1,Normal
1,0,0,0,0,0,0,0,0,0,0,1,2,0,0,0,2,48,3,1,Normal
1,0,0,1,0,1,1,0,1,0,2,3,3,3,3,3,3,61,14,10,Polonium-like
1,1,0,0,0,1,1,0,1,0,3,2,2,2,3,1,1,29,12,8,Borderline
1,0,1,0,0,0,1,0,1,1,3,3,1,2,2,3,1,30,11,8,Borderline
0,0,0,1,1,0,1,0,0,1,1,0,0,1,2,0,0,40,4,2,Borderline
0,0,0,0,0,0,0,0,0,0,1,1,0,1,0,0,1,86,3,2,Normal
1,1,1,1,0,1,0,1,0,1,3,3,3,2,0,2,3,7,11,8,Ricin-like
1,1,1,1,0,0,1,1,0,1,0,0,1,2,2,1,1,19,5,5,Borderline
0,0,1,1,0,0,0,0,1,0,3,3,1,3,3,3,3,71,13,8,Polonium-like
0,0,0,0,0,0,0,1,0,0,1,0,0,1,0,0,0,62,2,3,Normal
1,0,0,0,0,0,1,0,0,0,1,0,0,1,1,0,0,36,3,2,Normal
0,0,0,0,1,0,0,0,0,0,2,1,0,2,1,0,0,77,6,3,Normal
1,1,0,1,1,0,0,0,0,1,2,2,1,1,0,2,2,22,6,3,Borderline
1,0,0,0,1,0,1,0,0,1,2,2,1,3,3,2,3,103,11,6,Polonium-like
0,1,0,1,1,1,0,1,0,0,2,2,1,2,3,3,3,25,10,7,Borderline
1,0,0,1,1,0,1,1,1,0,1,2,2,2,2,3,2,58,9,9,Borderline
0,0,0,0,0,1,1,0,0,0,1,1,1,1,0,1,1,31,4,4,Normal
0,1,1,1,1,1,0,1,0,0,3,2,2,3,0,2,2,5,10,8,Ricin-like
1,1,1,1,0,1,1,1,0,1,2,3,3,3,0,2,3,8,11,10,Ricin-like
0,0,0,0,0,0,1,0,0,1,0,0,0,0,0,0,0,62,0,1,Normal
1,0,1,1,1,1,0,1,0,0,1,3,3,3,1,3,3,10,11,9,Ricin-like
0,0,0,1,1,0,1,1,1,0,2,2,1,2,2,2,2,114,9,9,Polonium-like
0,0,0,1,1,0,1,0,1,0,2,3,2,3,2,3,2,149,12,9,Polonium-like
0,0,1,1,1,1,0,1,0,0,3,3,3,3,2,2,3,6,14,9,Ricin-like
0,0,0,0,1,0,1,0,1,0,2,2,3,3,3,2,2,65,13,8,Polonium-like
0,0,0,0,0,0,0,0,0,0,2,2,1,0,0,1,1,29,5,2,Normal
0,1,0,0,0,0,0,1,0,0,0,1,0,2,3,0,1,72,6,5,Normal
0,0,0,0,0,0,0,0,0,1,0,0,1,0,1,0,1,26,2,0,Normal
0,0,0,0,1,0,1,0,0,0,0,0,0,0,0,0,0,87,0,1,Normal
1,1,0,0,0,0,1,0,1,0,3,3,1,3,3,3,3,40,13,9,Polonium-like
1,1,1,0,1,0,0,0,0,0,1,1,2,0,0,0,1,39,4,1,Borderline
0,0,0,0,0,0,0,0,0,0,0,0,1,0,0,0,1,61,1,0,Normal
0,0,1,0,0,0,0,0,0,0,3,2,0,2,1,1,1,42,8,4,Normal
0,0,0,0,0,0,1,1,0,0,1,1,3,0,0,0,1,35,5,4,Borderline
1,0,0,1,1,1,0,0,0,0,3,3,1,3,3,3,3,44,13,7,Polonium-like
1,1,1,1,1,1,0,1,0,0,3,3,3,3,2,2,3,10,14,9,Ricin-like
0,1,0,1,0,0,0,0,0,0,0,0,0,1,0,0,1,90,1,1,Normal
0,0,0,0,0,0,0,0,0,0,0,0,0,0,0,0,1,79,0,0,Normal
0,0,1,0,0,1,0,0,0,0,1,2,1,1,3,1,2,29,8,4,Borderline
1,0,0,0,0,0,1,0,0,0,1,3,1,3,3,3,3,139,11,7,Polonium-like
1,0,0,0,0,0,0,0,0,0,2,1,2,0,1,1,2,56,6,1,Borderline
0,1,0,1,1,0,1,0,1,0,3,3,1,3,3,3,2,85,13,9,Polonium-like
1,0,0,1,0,0,1,0,1,0,2,2,2,3,3,3,2,62,12,8,Polonium-like
1,1,1,1,0,1,1,0,0,0,3,2,2,3,0,2,3,6,10,7,Ricin-like
0,0,0,0,0,0,0,0,0,0,1,0,0,0,0,0,1,71,1,0,Normal
0,0,1,1,0,0,0,0,0,0,0,1,2,3,2,1,1,73,8,4,Normal
0,1,1,1,1,1,1,0,1,1,2,3,3,3,0,2,3,3,11,10,Ricin-like
1,0,0,0,0,0,0,0,0,1,0,3,3,2,0,2,2,77,8,5,Normal
0,0,0,1,0,0,0,0,1,0,2,3,1,3,2,3,3,91,11,8,Polonium-like
0,0,1,0,1,0,0,1,0,1,1,0,0,1,0,0,1,61,2,3,Normal
1,0,0,0,0,0,0,0,0,0,2,1,0,0,0,0,0,40,3,1,Normal
1,1,1,0,1,1,0,1,0,1,3,3,3,2,0,2,3,8,11,8,Ricin-like
0,0,0,0,0,0,0,0,0,0,0,1,1,0,0,0,2,74,2,1,Normal
0,0,0,0,0,0,0,0,0,0,1,0,0,0,1,0,0,76,2,0,Normal
1,0,0,1,1,0,1,1,1,0,2,1,0,3,2,2,0,38,8,9,Borderline
1,1,1,1,0,0,0,1,1,0,1,2,2,2,0,2,2,3,7,8,Ricin-like
0,0,0,1,1,0,1,1,1,0,2,2,1,3,3,2,2,147,11,10,Polonium-like
0,0,0,1,1,0,1,0,1,0,1,2,1,1,2,1,1,56,7,6,Borderline
0,1,0,0,1,1,0,1,0,0,1,3,2,2,0,3,3,7,8,8,Ricin-like
1,0,0,0,1,0,0,0,0,0,0,0,0,1,1,1,0,35,2,1,Normal
0,1,0,1,1,1,1,1,1,0,2,1,1,0,1,0,1,28,5,7,Borderline
1,0,0,0,0,0,1,0,1,0,3,3,0,3,3,3,3,59,12,9,Polonium-like
1,0,1,0,0,0,0,0,0,1,3,2,1,2,0,1,1,96,8,4,Normal
0,0,0,0,0,0,0,0,0,0,0,1,2,0,0,0,2,43,3,1,Normal
0,0,0,1,1,0,1,0,0,0,3,2,2,3,3,2,2,56,13,6,Borderline
1,1,1,1,1,0,0,1,0,1,2,2,3,3,0,2,2,8,10,7,Ricin-like
0,0,0,1,0,0,1,1,1,0,2,1,1,2,2,0,1,28,8,8,Borderline
1,0,0,0,0,0,0,0,0,1,0,0,1,1,0,1,0,65,2,1,Normal
0,0,0,0,0,0,0,0,0,0,0,0,1,0,0,1,0,96,1,0,Normal
0,0,0,0,0,0,1,0,0,0,0,0,0,0,0,0,0,85,0,1,Normal
0,1,1,1,0,1,1,1,0,0,2,3,3,2,2,3,3,6,12,9,Ricin-like
0,1,0,1,1,0,1,0,1,0,2,2,1,3,3,3,3,63,11,8,Polonium-like
1,0,0,0,0,0,1,0,1,0,3,2,2,2,1,1,1,55,10,7,Borderline
0,1,0,1,0,0,0,0,0,1,2,3,1,1,1,2,1,86,8,4,Normal
1,1,1,1,1,1,1,1,0,0,2,2,3,1,3,3,2,1,11,7,Ricin-like
0,0,1,1,0,0,0,1,0,0,1,1,3,1,1,0,1,44,7,4,Borderline
1,1,0,1,0,0,1,0,1,0,3,2,2,3,2,2,3,28,12,8,Polonium-like
1,0,0,1,1,0,1,0,0,0,2,2,1,3,3,2,2,55,11,6,Borderline
1,0,0,0,1,1,0,0,0,0,3,3,3,3,0,3,3,27,12,7,Borderline
0,0,0,1,0,0,1,0,1,0,1,3,0,3,3,3,3,48,10,9,Polonium-like
0,0,0,0,0,0,0,0,0,0,2,3,3,2,0,2,2,75,10,5,Normal
1,1,0,1,0,0,1,0,0,0,2,2,1,3,1,2,2,20,9,6,Borderline
0,0,1,0,0,0,1,0,1,0,2,2,1,2,3,2,3,48,10,7,Borderline
1,0,1,1,1,0,0,1,0,1,3,3,2,3,0,2,2,3,11,8,Ricin-like
0,0,0,1,1,0,0,0,0,0,2,1,2,3,2,0,1,41,10,4,Borderline
0,1,0,0,0,0,0,1,1,0,1,2,2,2,3,2,1,63,10,8,Borderline
1,0,1,1,1,1,0,1,0,1,2,3,3,3,1,3,3,7,12,9,Ricin-like
0,0,1,1,0,0,0,0,0,0,0,0,0,0,0,0,0,53,0,0,Normal
0,0,0,1,0,0,1,0,1,0,3,3,0,3,3,3,3,138,12,9,Polonium-like
1,0,0,1,1,1,0,0,0,0,2,2,2,1,0,2,2,21,7,4,Borderline
0,0,0,0,0,0,0,0,0,0,1,0,0,1,0,0,0,57,2,1,Normal
1,0,0,1,0,0,1,0,1,0,2,2,3,3,1,3,2,79,11,8,Polonium-like
0,0,1,1,0,0,1,1,1,0,3,2,1,2,2,3,2,118,10,9,Polonium-like
0,0,0,0,0,0,1,0,0,0,1,0,0,1,2,0,0,96,4,2,Normal
1,0,0,1,0,0,1,0,1,0,2,2,1,3,3,2,3,134,11,8,Polonium-like
0,0,0,0,0,0,1,0,0,1,3,3,1,3,2,3,2,36,12,7,Polonium-like
0,1,1,1,0,0,1,0,0,0,0,2,2,2,3,1,2,41,9,5,Borderline
0,0,0,0,0,0,0,0,0,1,1,0,0,1,0,1,0,26,2,1,Normal
1,0,1,0,0,0,0,0,0,0,0,0,0,1,1,0,0,29,2,1,Normal
0,0,1,1,0,1,1,0,0,0,3,3,1,3,3,3,2,85,13,8,Polonium-like
0,0,1,0,0,0,0,0,1,1,3,2,1,0,0,1,1,56,6,4,Normal
1,1,1,1,1,0,0,1,0,0,3,3,3,3,0,2,3,4,12,8,Ricin-like
0,0,0,0,0,1,0,0,0,0,1,0,0,0,0,1,0,39,1,1,Normal
0,0,0,1,0,0,1,0,0,1,2,3,2,3,3,3,2,134,13,7,Polonium-like
1,1,1,1,1,1,0,1,0,1,3,3,3,2,0,2,3,8,11,8,Ricin-like
0,0,0,0,0,1,0,0,1,1,2,1,0,3,3,1,0,57,9,7,Borderline
1,0,1,0,1,1,0,0,0,1,2,1,0,2,0,2,0,10,5,4,Ricin-like
0,0,0,0,0,1,0,0,0,0,0,0,0,0,0,0,0,89,0,1,Normal
0,0,0,0,0,0,0,0,0,0,1,0,0,0,0,0,0,77,1,0,Normal
1,0,0,0,0,0,1,0,0,0,0,0,1,0,0,1,0,50,1,1,Normal
1,0,1,0,0,0,0,0,0,1,1,0,0,1,0,1,0,75,2,1,Normal
1,0,0,1,1,1,0,0,1,1,2,2,1,2,1,1,1,25,8,7,Borderline
1,0,0,1,0,0,0,0,0,1,1,0,0,0,1,1,0,37,2,0,Normal
1,1,0,1,1,1,0,1,0,1,3,2,2,2,0,2,2,7,9,7,Ricin-like
0,0,1,0,0,0,0,1,0,0,2,2,1,3,1,3,3,34,9,7,Borderline
0,0,0,1,1,0,1,0,0,0,3,3,3,3,3,2,2,72,15,7,Borderline
0,1,0,0,0,1,1,0,0,0,0,1,1,0,0,0,1,32,2,3,Normal
1,1,0,1,1,1,0,0,0,0,1,2,3,3,3,2,2,66,12,6,Borderline
0,0,0,0,0,0,0,0,0,1,1,0,0,0,0,0,0,46,1,0,Normal
1,0,1,1,1,1,1,1,0,0,2,2,2,3,0,3,2,1,9,9,Ricin-like
1,1,0,1,1,1,1,1,0,0,2,2,2,1,0,3,2,6,7,7,Ricin-like
0,1,1,0,0,0,0,0,0,0,0,0,1,1,0,0,0,57,2,1,Normal
0,0,0,1,0,0,0,0,0,0,1,1,1,1,0,1,1,73,4,2,Normal
0,1,1,1,0,0,1,0,1,0,3,3,3,3,3,3,3,156,15,9,Polonium-like
0,1,1,1,1,1,1,1,0,0,3,3,3,3,1,2,3,8,13,10,Ricin-like
1,1,1,1,0,1,0,1,0,0,3,3,3,2,2,3,3,9,13,8,Ricin-like
0,0,0,0,0,0,1,0,1,1,0,2,0,3,3,3,1,76,8,8,Polonium-like
1,0,0,1,0,1,0,0,0,0,2,2,0,1,0,1,1,72,5,4,Borderline
0,0,0,1,1,0,1,0,0,0,3,3,2,3,3,3,3,108,14,7,Polonium-like
1,0,0,0,0,0,0,0,0,0,0,0,0,1,0,1,0,91,1,1,Normal
1,1,1,1,1,0,0,1,0,1,1,2,3,2,0,2,3,2,8,6,Ricin-like
0,0,0,0,0,0,0,0,0,0,1,0,0,0,0,0,1,60,1,0,Normal
1,0,1,0,0,1,0,0,0,0,0,0,2,0,0,0,1,54,2,1,Normal
0,0,0,0,0,0,1,0,0,0,1,0,0,1,0,1,1,80,2,2,Normal
0,0,0,0,1,0,0,0,0,0,3,1,2,0,0,0,1,55,6,1,Borderline
1,0,1,0,0,0,1,0,1,0,2,3,3,3,3,3,3,142,14,9,Polonium-like
0,1,1,1,1,1,1,1,0,1,1,2,3,2,0,2,2,9,8,8,Ricin-like
1,0,1,0,1,0,0,0,0,0,1,3,3,3,0,2,3,9,10,6,Borderline
1,0,0,1,1,1,0,1,0,1,1,2,2,2,0,2,3,6,7,7,Ricin-like
0,0,0,0,0,1,0,1,1,0,2,2,3,2,1,1,2,66,10,9,Borderline
0,0,0,1,0,1,0,1,0,1,2,1,0,1,0,0,0,3,4,5,Ricin-like
1,0,0,1,0,0,1,0,0,1,3,3,1,3,3,3,3,139,13,7,Polonium-like
1,0,0,1,0,0,1,0,1,0,2,2,2,2,2,2,2,147,10,7,Polonium-like
0,0,0,0,0,0,0,0,0,0,1,0,0,1,0,0,0,78,2,1,Normal
0,0,0,0,0,0,0,0,1,0,1,3,2,2,0,2,2,87,8,7,Normal
0,0,0,1,0,0,1,0,1,1,3,2,2,2,2,2,2,124,11,7,Polonium-like
0,1,1,0,0,0,1,0,0,1,3,2,0,1,1,1,1,62,7,4,Normal
1,1,0,1,0,0,1,0,1,0,3,2,0,2,1,2,1,25,8,7,Polonium-like
1,1,0,1,0,1,0,0,0,0,1,2,2,2,3,2,2,35,10,5,Borderline
1,1,1,1,0,1,1,1,0,1,3,3,3,3,1,2,3,5,13,10,Ricin-like
1,1,0,1,0,0,1,0,1,0,2,3,1,3,2,3,3,112,11,9,Polonium-like
0,0,0,1,0,0,0,0,0,0,3,1,1,0,0,0,2,31,5,1,Normal
0,1,1,0,0,0,1,1,0,1,1,2,3,3,2,1,3,5,11,8,Ricin-like
0,0,0,0,0,1,0,0,0,0,1,0,0,0,0,0,0,60,1,1,Normal
1,0,0,0,0,0,0,0,0,1,1,0,0,0,0,0,0,63,1,0,Normal
0,0,0,0,1,0,0,0,0,1,0,0,0,0,0,0,0,74,0,0,Normal
0,0,0,0,1,0,1,1,0,0,3,2,3,1,1,2,3,30,10,6,Borderline
1,1,0,1,1,1,0,1,0,0,2,2,2,3,0,2,2,5,9,8,Ricin-like
0,0,0,0,1,0,0,0,0,1,1,0,0,1,1,0,1,41,3,1,Normal
0,0,0,0,0,0,1,0,1,0,3,3,1,3,3,3,3,51,13,9,Polonium-like
0,1,1,1,0,0,1,1,1,0,2,1,2,3,2,0,1,49,10,9,Borderline
0,0,0,0,0,0,1,0,0,0,1,3,2,2,0,2,2,25,8,6,Normal
1,1,1,0,0,1,0,1,0,0,3,3,1,2,2,2,2,1,11,8,Ricin-like
1,0,1,1,0,0,1,0,1,1,3,3,3,2,0,2,3,164,11,8,Polonium-like
0,0,1,0,0,0,0,0,0,0,0,0,0,0,1,0,0,40,1,0,Normal
1,0,0,0,0,0,0,0,0,0,1,0,0,0,0,0,0,27,1,0,Normal
0,0,1,0,1,0,1,1,0,0,2,1,3,1,2,1,2,41,9,5,Borderline
0,0,1,1,0,0,0,0,0,0,1,0,0,1,0,0,0,55,2,1,Normal
0,0,0,1,0,0,0,0,0,0,0,1,0,1,0,0,0,92,2,2,Normal
1,0,0,0,0,0,0,0,0,0,2,1,0,0,0,1,0,32,3,1,Normal
1,0,0,1,0,0,0,0,0,0,0,1,0,0,0,1,1,30,1,1,Normal
1,1,0,0,1,1,0,1,0,1,3,3,3,3,0,2,3,4,12,9,Ricin-like
0,0,0,1,0,0,1,0,1,0,2,2,2,3,3,3,2,71,12,8,Polonium-like
0,1,0,0,0,0,0,0,0,0,1,1,0,0,1,0,1,66,3,1,Normal
0,0,0,0,0,0,0,0,0,0,2,0,0,1,2,1,1,40,5,1,Normal
1,0,0,0,0,0,0,1,0,0,2,2,3,2,2,2,3,64,11,6,Borderline
0,1,1,1,0,0,1,0,1,1,2,1,3,1,1,1,2,52,8,5,Borderline
0,0,1,1,1,1,0,0,0,0,2,2,3,3,3,2,2,21,13,6,Borderline
0,0,0,0,1,0,1,0,0,1,0,0,1,1,0,0,0,64,2,2,Borderline
1,0,0,0,0,0,0,0,0,0,2,3,1,2,2,2,2,69,10,5,Normal
0,0,0,0,0,0,0,0,0,0,1,0,0,1,0,0,0,95,2,1,Normal
0,1,1,0,1,0,1,0,0,0,3,2,1,2,0,3,2,8,8,5,Ricin-like
1,0,0,0,0,0,1,0,0,1,0,0,0,0,0,1,1,90,0,1,Normal
0,1,0,0,1,1,0,0,0,0,3,1,2,0,1,1,1,69,7,2,Borderline
1,1,0,0,0,0,0,0,1,0,2,2,2,1,0,1,2,53,7,5,Borderline
0,0,0,1,1,0,1,0,1,0,2,2,1,3,3,2,2,122,11,8,Polonium-like
0,1,0,1,0,0,1,0,1,0,1,3,2,3,3,3,2,32,12,9,Polonium-like
1,1,1,1,1,0,0,0,0,1,2,1,1,2,2,1,1,18,8,3,Borderline
0,0,1,0,0,0,0,0,0,0,1,0,0,1,0,1,0,42,2,1,Normal
1,1,0,1,1,1,0,0,0,1,3,2,0,1,0,3,1,3,6,4,Ricin-like
1,0,0,0,0,0,1,0,0,0,2,3,1,1,1,2,1,94,8,5,Normal
0,0,1,1,0,0,0,0,1,0,3,3,2,2,1,2,3,69,11,7,Polonium-like
0,1,1,0,0,0,0,1,0,0,2,3,2,2,1,2,2,63,10,7,Borderline
0,1,0,0,0,0,0,0,0,0,1,0,0,0,0,0,0,43,1,0,Normal
1,1,1,1,1,1,1,1,1,0,1,3,2,1,0,2,2,8,7,10,Ricin-like
0,0,0,1,1,0,1,0,0,0,3,2,2,1,1,2,3,45,9,4,Borderline
0,0,0,1,0,0,0,0,1,0,2,1,1,1,0,1,1,39,5,4,Borderline
1,0,0,1,0,0,1,0,0,1,1,2,3,1,0,1,3,60,7,4,Normal
0,0,0,0,0,0,1,1,1,0,2,2,1,2,1,1,1,49,8,9,Borderline
0,0,0,1,0,0,1,0,1,1,3,2,1,2,2,2,2,49,10,7,Polonium-like
0,0,1,1,1,1,0,1,0,0,2,3,1,1,1,3,3,7,8,7,Ricin-like
1,0,0,0,1,0,1,0,0,0,0,0,0,0,0,1,0,53,0,1,Normal
0,0,0,1,1,1,1,0,0,0,2,1,1,2,3,1,1,55,9,5,Borderline
1,1,1,1,1,1,0,0,0,0,3,3,3,3,1,2,3,7,13,7,Ricin-like
0,1,1,1,0,1,0,1,0,0,3,2,0,1,1,1,1,6,7,6,Ricin-like
1,1,0,1,0,0,0,0,1,0,2,3,2,3,3,3,2,150,13,8,Polonium-like
0,0,0,0,0,0,0,1,0,0,2,1,0,1,0,0,0,81,4,4,Normal
1,0,0,1,1,0,1,0,1,0,2,2,0,3,3,3,1,24,10,8,Polonium-like
1,0,0,1,0,0,0,0,0,0,2,1,0,0,0,0,0,56,3,1,Normal
1,1,1,1,1,0,0,0,0,1,3,3,3,3,2,3,3,4,14,6,Ricin-like
1,1,1,1,1,1,1,0,0,0,2,2,3,2,1,2,2,6,10,6,Ricin-like
0,1,0,1,0,1,1,1,0,1,1,2,2,3,0,1,2,9,8,9,Ricin-like
1,0,1,0,0,0,1,0,0,0,1,0,0,0,2,1,0,80,3,1,Normal
0,1,0,1,0,0,1,0,0,0,3,3,1,3,3,3,2,63,13,7,Polonium-like
1,0,1,1,1,0,0,1,0,0,3,3,3,2,3,2,3,9,14,7,Ricin-like
0,0,0,1,0,0,0,0,1,0,1,3,0,3,2,2,2,20,9,8,Borderline
0,0,1,0,0,0,0,0,0,0,0,0,0,1,0,0,0,43,1,1,Normal
0,0,0,0,1,0,1,0,1,0,2,2,1,2,2,3,2,165,9,7,Polonium-like
1,0,0,1,1,0,0,0,0,0,1,1,1,0,0,0,1,70,3,1,Borderline
1,1,1,1,1,1,1,0,0,1,3,3,2,2,0,3,2,8,10,7,Ricin-like
0,0,0,0,0,1,0,0,0,0,3,3,0,1,0,2,2,79,7,5,Normal
0,1,1,0,1,1,0,0,0,0,3,3,3,3,0,3,3,7,12,7,Ricin-like
0,0,0,0,0,0,0,0,0,1,2,2,0,2,0,2,1,43,6,4,Normal
1,1,1,1,0,1,0,0,0,0,2,2,1,1,2,1,3,20,8,4,Borderline
0,0,0,1,0,0,1,0,1,0,3,3,1,3,3,3,2,106,13,9,Polonium-like
0,0,0,1,0,0,0,0,0,0,2,2,0,2,0,1,2,58,6,4,Normal
0,0,1,0,0,0,0,0,0,0,1,1,0,0,0,0,0,55,2,1,Normal
0,0,1,1,1,0,0,0,1,0,2,2,2,3,3,3,2,55,12,7,Polonium-like
0,1,0,0,1,1,0,1,0,0,1,2,3,2,0,2,3,1,8,7,Ricin-like
0,1,1,1,1,1,1,1,1,0,2,2,3,3,3,2,3,4,13,11,Ricin-like
0,0,0,0,0,0,0,0,0,1,1,0,0,0,0,1,1,74,1,0,Normal
0,0,0,0,0,0,0,0,0,1,2,3,1,2,1,2,1,41,9,5,Normal
0,1,1,0,0,0,0,0,0,1,0,0,0,0,1,1,1,58,1,0,Normal
0,0,0,0,0,0,0,0,0,0,0,1,0,0,0,0,0,52,1,1,Normal
0,0,0,1,0,0,0,0,1,0,2,1,2,1,2,0,1,54,8,4,Borderline
1,1,0,0,0,1,1,0,0,1,1,2,2,2,1,2,1,30,8,6,Borderline
0,1,1,1,0,1,0,1,0,0,2,3,3,1,1,3,3,9,10,7,Ricin-like
0,0,0,1,0,0,0,0,0,0,3,2,2,2,0,1,1,55,9,4,Normal
1,1,1,1,1,1,0,1,0,0,2,3,3,2,1,2,3,5,11,8,Ricin-like
1,1,1,1,0,1,0,1,0,0,3,3,3,3,0,2,3,10,12,9,Ricin-like
0,0,0,0,1,0,1,0,1,0,2,2,1,3,1,1,1,54,9,8,Borderline
1,0,0,1,1,0,1,0,1,0,2,2,2,3,3,2,2,139,12,8,Polonium-like
0,0,0,0,0,0,0,0,0,0,1,1,0,1,0,0,1,40,3,2,Normal
1,1,1,0,1,0,1,0,0,1,3,2,2,3,0,2,2,6,10,6,Ricin-like
0,1,0,1,1,0,1,1,0,0,3,3,3,2,2,3,3,7,13,8,Ricin-like
1,0,0,1,1,1,1,0,1,1,2,1,2,3,3,3,3,43,11,8,Borderline
1,1,1,0,0,1,1,0,0,0,2,3,3,3,0,3,2,24,11,8,Borderline
1,0,1,1,0,0,0,1,0,0,2,2,2,1,0,1,2,6,7,5,Ricin-like
0,1,0,1,0,0,1,0,1,0,0,1,2,2,2,3,2,36,7,6,Borderline
1,1,1,1,1,1,0,1,0,1,3,2,2,1,1,2,2,2,9,6,Ricin-like
1,0,0,1,0,0,1,0,1,1,2,2,2,3,3,2,3,28,12,8,Polonium-like
1,1,0,1,1,0,0,1,0,0,3,3,3,3,1,2,3,8,13,8,Ricin-like
0,0,1,1,0,0,1,0,1,1,2,2,1,3,3,3,3,62,11,8,Polonium-like
0,0,0,0,0,1,0,0,0,0,1,1,0,0,0,0,1,47,2,2,Normal
1,0,0,0,0,0,1,0,0,1,3,2,2,2,0,2,1,86,9,5,Normal
0,1,0,1,0,0,1,0,1,0,2,2,3,3,3,2,3,99,13,8,Polonium-like
1,0,0,1,0,0,1,0,1,0,1,3,3,3,3,3,3,79,13,9,Polonium-like
0,0,0,0,0,0,0,0,0,0,2,1,1,1,0,0,1,93,5,2,Normal
1,1,0,0,1,1,0,1,0,0,3,3,3,3,0,3,3,4,12,9,Ricin-like
0,0,0,0,0,0,0,0,0,0,0,1,1,0,0,0,1,53,2,1,Normal
1,1,1,1,1,1,1,1,1,1,2,2,2,3,1,3,2,1,10,11,Ricin-like
0,0,0,1,0,0,0,0,0,0,0,1,0,0,0,0,0,65,1,1,Normal
1,1,1,1,1,1,0,1,0,1,2,3,3,2,0,3,3,3,10,8,Ricin-like
0,1,0,1,0,0,1,0,1,0,3,3,3,3,3,3,3,105,15,9,Polonium-like
1,0,0,0,1,0,0,1,0,0,2,2,1,2,1,3,2,36,8,6,Borderline
0,0,0,1,0,0,0,0,0,0,2,2,1,3,2,2,3,24,10,5,Borderline
1,0,0,0,0,1,1,0,1,0,2,3,3,1,0,2,3,1,9,8,Ricin-like
1,0,0,0,0,1,1,1,0,0,2,2,1,3,3,3,3,123,11,9,Polonium-like
0,1,1,1,0,0,1,0,0,1,3,2,1,3,2,3,3,80,11,6,Polonium-like
0,0,0,0,0,0,0,1,0,0,3,2,2,2,1,1,1,89,10,6,Normal
0,0,1,1,0,1,0,1,0,1,3,3,3,3,0,2,3,1,12,9,Ricin-like
1,0,0,0,0,0,0,0,0,0,0,0,0,0,0,0,0,75,0,0,Normal
0,0,1,1,0,0,1,0,1,0,3,3,1,3,3,3,3,111,13,9,Polonium-like
0,0,0,1,1,0,0,0,1,0,2,3,2,3,3,3,2,118,13,8,Polonium-like
1,1,0,0,0,1,0,0,0,1,2,2,2,3,3,2,3,4,12,6,Ricin-like
1,1,1,1,1,0,1,0,1,0,3,2,1,2,2,2,3,32,10,7,Polonium-like
0,1,1,1,1,1,1,0,0,0,2,3,2,2,0,2,2,7,9,7,Ricin-like
0,0,0,1,0,0,1,0,1,0,3,3,1,3,3,3,3,156,13,9,Polonium-like
0,1,1,1,0,1,1,1,0,0,2,2,1,0,1,1,2,8,6,6,Ricin-like
1,0,0,0,0,0,1,0,1,0,2,2,1,2,2,3,3,159,9,7,Polonium-like
0,0,1,0,0,0,0,0,1,0,1,1,1,2,3,2,1,51,8,5,Borderline
1,0,0,0,0,0,0,0,0,0,2,2,0,0,0,2,2,39,4,2,Normal
1,0,0,0,0,0,0,0,0,1,1,0,0,1,0,0,0,40,2,1,Normal
0,0,0,0,1,0,1,0,0,0,3,3,3,3,3,3,3,80,15,7,Polonium-like
1,0,0,1,0,0,0,1,1,1,2,3,1,3,3,3,2,110,12,10,Polonium-like
1,0,0,0,0,0,0,0,0,0,1,1,0,0,0,0,0,62,2,1,Normal
0,0,1,1,1,0,0,0,0,0,0,0,1,0,0,0,0,37,1,0,Polonium-like
0,1,1,1,1,1,1,0,0,0,2,1,1,3,2,3,2,56,9,6,Borderline
0,0,0,0,0,0,0,0,0,1,1,1,1,0,1,0,2,66,4,1,Normal
0,0,1,1,0,0,0,0,0,0,0,1,1,1,0,0,1,41,3,2,Normal
0,0,0,1,0,0,1,0,1,0,2,2,0,3,3,3,2,143,10,8,Polonium-like
1,1,1,0,0,1,0,1,0,0,3,2,2,3,0,2,2,5,10,8,Ricin-like
1,1,1,1,1,1,0,0,1,0,2,2,2,2,0,3,3,8,8,7,Ricin-like
1,0,0,1,0,1,0,0,1,0,2,1,2,1,1,1,1,34,7,5,Borderline
1,1,1,1,0,1,0,0,0,1,3,2,2,3,0,1,2,4,10,6,Ricin-like
0,0,0,1,0,0,1,0,0,0,2,2,3,3,3,2,3,48,13,6,Polonium-like
1,0,0,0,0,1,1,0,0,0,1,2,2,2,3,1,1,54,10,6,Borderline
0,1,1,1,0,1,1,1,0,0,2,2,3,1,2,2,2,9,10,7,Ricin-like
1,1,1,1,0,1,0,0,0,1,2,3,1,1,2,2,1,30,9,5,Borderline
1,1,0,1,0,0,1,0,1,0,3,3,3,3,3,3,3,26,15,9,Polonium-like
1,1,0,0,0,1,1,1,1,1,1,2,1,0,0,1,1,31,4,8,Borderline
1,1,0,1,0,1,1,0,0,0,2,2,2,3,3,3,3,25,12,7,Polonium-like
1,0,1,0,0,0,0,0,0,0,1,0,0,0,0,1,0,44,1,0,Normal
1,0,0,0,1,1,0,1,1,0,1,2,1,3,3,2,3,59,10,10,Polonium-like
0,0,0,1,1,0,1,0,1,1,2,2,2,3,3,3,2,56,12,8,Polonium-like
1,0,1,1,1,0,0,1,0,0,1,2,2,1,0,2,3,10,6,5,Ricin-like
0,1,0,1,0,0,0,0,0,0,0,0,1,0,0,0,0,42,1,0,Normal
0,1,1,1,0,1,0,0,0,0,2,2,2,2,1,1,2,6,9,5,Ricin-like
0,0,0,0,0,0,0,0,0,0,0,1,1,1,0,1,2,43,3,2,Normal
1,0,0,1,0,0,0,0,0,0,2,2,1,2,0,2,1,79,7,4,Normal
1,0,1,1,0,1,1,0,0,0,1,3,3,3,3,2,2,57,13,8,Borderline
0,0,1,1,1,0,0,0,0,0,3,3,0,3,3,3,2,74,12,6,Polonium-like
0,0,0,1,0,0,1,0,1,0,3,3,0,3,3,3,3,75,12,9,Polonium-like
0,0,0,1,0,0,0,0,0,0,1,1,3,2,1,1,1,96,8,3,Normal
0,0,1,1,0,0,1,0,0,0,2,1,0,0,0,1,1,29,3,2,Normal
0,0,0,0,0,0,0,0,0,0,2,1,1,0,0,0,1,77,4,1,Normal
0,0,0,0,0,0,1,0,0,0,2,1,0,0,0,0,0,31,3,2,Normal
0,0,0,1,1,0,0,0,0,0,0,0,0,0,0,0,1,67,0,0,Normal
1,1,1,1,0,1,0,1,0,0,1,2,2,2,1,2,3,9,8,7,Ricin-like
1,1,0,0,0,1,1,0,1,1,2,2,2,3,2,3,2,131,11,9,Polonium-like
0,0,0,0,0,0,0,1,0,0,0,2,2,0,0,1,2,50,4,4,Normal
0,0,0,1,0,0,0,0,0,0,3,1,1,0,0,0,1,71,5,1,Normal
1,0,1,1,0,0,0,0,0,0,3,2,1,1,0,1,1,66,7,3,Normal
1,1,0,1,0,0,1,1,0,0,3,3,3,2,0,3,3,9,11,8,Ricin-like
0,0,0,0,0,0,0,0,0,0,0,2,3,2,1,1,2,57,8,4,Normal
1,1,0,1,0,1,0,1,0,0,3,3,3,3,2,2,3,4,14,9,Ricin-like
1,1,1,1,1,1,0,0,0,0,2,2,3,2,0,2,3,8,9,5,Ricin-like
0,0,1,1,1,0,1,1,0,1,1,2,3,2,2,2,2,2,10,7,Ricin-like
1,0,1,0,0,0,0,0,0,0,2,1,0,1,0,1,1,95,4,2,Normal
0,1,0,0,0,0,0,0,0,0,0,0,0,1,3,1,0,88,4,1,Normal
0,1,0,1,0,1,1,1,0,1,3,3,3,1,0,2,3,10,10,8,Ricin-like
0,0,0,0,0,0,0,0,1,0,1,0,0,0,0,0,0,54,1,2,Normal
0,0,0,1,0,0,0,0,0,0,1,0,0,2,3,0,1,37,6,2,Normal
0,0,1,1,0,0,1,0,1,0,2,2,1,3,2,3,3,31,10,8,Polonium-like
1,1,0,0,0,1,0,0,0,0,0,0,2,0,0,0,2,92,2,1,Normal
1,0,0,1,0,0,1,0,1,0,3,3,1,3,3,3,3,74,13,9,Polonium-like
1,0,0,0,1,1,0,0,1,0,3,3,2,3,3,3,2,157,14,9,Polonium-like
0,0,0,1,0,0,0,0,0,0,1,0,1,1,2,0,0,34,5,1,Normal
1,0,1,0,0,0,0,0,1,1,3,2,2,2,2,3,2,156,11,6,Polonium-like
0,0,0,0,0,0,0,0,0,0,0,0,0,0,1,0,0,90,1,0,Normal
0,0,0,0,0,1,0,0,0,0,2,2,1,3,3,3,3,37,11,6,Borderline
1,1,0,0,1,0,0,1,0,0,1,2,3,2,0,3,2,4,8,6,Ricin-like
0,0,0,1,0,1,1,0,0,0,2,2,0,3,3,2,1,67,10,7,Polonium-like
0,0,0,0,0,0,0,0,0,0,1,1,0,0,0,0,1,29,2,1,Normal
1,0,0,1,0,1,1,1,0,0,2,2,2,3,2,2,2,22,11,9,Borderline
0,0,0,0,0,0,0,1,0,1,0,0,0,0,0,0,1,91,0,2,Normal
1,0,0,0,1,0,0,0,0,0,1,0,0,1,2,0,0,74,4,1,Normal
0,0,0,1,0,0,1,1,0,0,3,3,1,3,2,3,3,30,12,9,Polonium-like
1,0,0,0,0,0,0,0,0,0,1,2,1,2,0,1,1,90,6,4,Normal
1,0,1,1,0,0,1,0,1,0,2,3,2,3,2,3,2,150,12,9,Polonium-like
1,1,1,1,1,1,1,1,0,0,3,2,2,2,0,2,2,1,9,8,Ricin-like
1,0,1,1,1,0,0,0,0,0,0,2,1,3,3,3,2,31,9,5,Borderline
0,1,0,1,0,1,1,0,0,1,2,3,2,3,2,2,2,32,12,8,Borderline
1,0,0,0,0,0,0,0,0,0,0,0,0,0,0,1,0,29,0,0,Normal
0,0,0,0,0,0,0,0,0,0,1,1,0,1,0,1,0,84,3,2,Normal
1,0,0,1,1,0,0,0,1,1,3,3,0,3,3,3,3,26,12,8,Polonium-like
0,0,0,1,1,1,1,1,0,1,2,2,0,1,0,2,1,9,5,7,Ricin-like
1,0,0,0,1,0,1,0,0,0,0,2,2,2,1,1,1,59,7,5,Borderline
0,0,0,0,1,0,0,0,0,1,1,1,1,1,0,1,1,39,4,2,Normal
0,1,0,1,0,1,1,0,1,0,3,3,0,3,3,3,3,71,12,10,Polonium-like
1,1,1,1,0,0,0,1,0,0,3,3,3,2,0,2,3,1,11,7,Ricin-like
1,0,0,1,0,0,1,0,0,0,1,2,1,2,1,3,2,132,7,5,Polonium-like
0,0,0,1,0,0,1,0,0,0,2,1,0,0,0,0,0,49,3,2,Normal
0,0,1,0,0,0,0,0,0,1,0,0,2,0,0,0,2,96,2,0,Normal
0,0,0,0,0,0,0,0,0,0,0,0,1,0,0,1,0,35,1,0,Normal
1,0,1,0,0,1,1,1,0,1,3,3,2,2,1,2,3,2,11,9,Ricin-like
0,0,0,1,0,0,0,1,0,0,2,1,0,0,0,0,0,86,3,3,Normal
1,0,0,0,0,0,0,0,0,0,0,0,0,0,0,0,1,69,0,0,Normal
1,0,0,1,0,1,1,0,1,0,0,1,1,3,2,3,2,76,7,8,Polonium-like
0,0,0,0,0,0,0,0,0,0,2,1,0,0,0,0,1,79,3,1,Normal
1,0,1,1,1,1,0,1,0,0,3,3,3,3,0,2,3,6,12,9,Ricin-like
1,0,0,0,0,0,1,0,1,0,1,2,3,3,2,3,3,33,11,8,Polonium-like
1,1,1,1,1,0,0,1,0,0,3,2,2,2,0,2,2,8,9,6,Ricin-like
0,1,1,1,0,1,1,1,0,0,1,1,1,1,0,0,1,33,4,6,Borderline
0,1,1,0,1,0,1,0,1,0,2,3,1,3,3,3,2,153,12,9,Polonium-like
0,0,0,1,1,1,1,0,0,0,2,2,1,3,2,2,1,72,10,7,Borderline
0,1,0,0,0,0,0,0,0,0,0,0,0,0,0,0,1,95,0,0,Normal
1,0,1,0,0,0,1,1,1,0,2,0,0,1,0,0,1,42,3,6,Borderline
0,0,0,1,0,0,1,0,1,0,2,2,2,3,3,3,2,60,12,8,Polonium-like
1,1,1,1,0,1,0,0,0,1,2,2,3,2,1,1,2,2,10,5,Ricin-like
0,0,0,1,1,1,0,1,0,1,3,3,0,2,0,2,2,6,8,8,Ricin-like
1,1,0,1,1,0,1,0,0,0,2,2,2,3,3,2,2,68,12,6,Polonium-like
0,0,0,1,0,0,1,0,1,0,3,2,3,2,2,2,2,150,12,7,Polonium-like
0,0,0,1,0,0,0,0,0,0,0,0,0,0,0,0,0,92,0,0,Normal
0,0,0,1,0,0,0,0,0,0,2,2,1,2,1,1,1,66,8,4,Normal
1,1,1,1,1,1,0,1,0,0,3,3,3,2,1,2,3,9,12,8,Ricin-like
0,0,1,0,0,0,1,0,0,0,0,0,1,0,0,1,0,31,1,1,Normal
1,0,0,0,0,0,0,0,0,0,3,2,1,2,3,1,1,42,11,4,Borderline
0,0,0,1,0,0,0,1,0,0,0,0,0,1,0,0,1,37,1,3,Normal
1,0,0,0,0,0,1,0,1,1,2,2,1,3,1,2,3,119,9,8,Polonium-like
0,1,0,0,0,0,0,0,0,0,1,1,1,0,0,0,1,92,3,1,Normal
0,1,0,0,0,0,1,0,1,0,1,2,1,3,3,3,2,35,10,8,Polonium-like
1,1,0,0,0,0,0,0,0,0,0,0,0,0,0,1,1,87,0,0,Normal
0,1,0,1,1,0,0,0,1,1,3,3,3,3,3,3,3,123,15,8,Polonium-like
0,0,0,1,0,0,0,0,0,0,0,0,0,1,0,0,0,80,1,1,Normal
1,0,0,0,0,0,1,0,0,0,0,1,0,2,1,0,0,52,4,4,Normal
0,1,1,0,1,1,0,1,0,1,1,1,1,1,0,1,2,4,4,5,Ricin-like
0,0,0,0,1,0,0,0,0,0,1,1,1,1,0,0,2,31,4,2,Normal
1,0,1,1,0,1,0,1,0,0,0,1,2,2,1,0,2,26,6,6,Borderline
0,1,1,0,1,0,0,0,1,0,1,2,2,3,1,1,1,48,9,7,Borderline
0,0,1,1,1,0,1,1,1,0,2,2,3,2,2,2,2,126,11,9,Polonium-like
